Condition,"Condition Code (1 = shared eating, 2 = separate eating, 3 = no eating)","Excluded From Final Sample (due to Pareto efficiency outliers, dyad at least one having prior negotiation training, and protocol violation) (1 = Yes, 0 = No)","Exclusion (protocol violation) (1 = Yes, 0 = No)",TrustPropensity_1,TrustPropensity_2,TrustPropensity_3,TrustPropensity_4,Trust Propensity,FoodImpulsivity_1,FoodImpulsivity_2,FoodImpulsivity_3,FoodImpulsivity_4,FoodImpulsivity_5,FoodImpulsivity_6,FoodImpulsivity_7,FoodImpulsivity_8,FoodImpulsivity_9,Food Impulsivity,Extraversion,Agreeableness,Conscientiousness,Neuroticism,Openness,BigV_1,BigV_2,BigV_3,BigV_4,BigV_5,BigV_6,BigV_7,BigV_8,BigV_9,BigV_10,Cracker liking specific type,Cracker salty,Cracker tasty,Cracker liking general,Felt fullness,No. Hours Ago Last Meal,PANAS_1,PANAS_2,PANAS_3,PANAS_4,PANAS_5,PANAS_6,PANAS_7,PANAS_8,PANAS_9,PANAS_10,PA,PANAS_11,PANAS_12,PANAS_13,PANAS_14,PANAS_15,PANAS_16,PANAS_17,PANAS_18,PANAS_19,PANAS_20,NA,IOS,ExpectedCooperative,ExpectedCompetitive,Team ID,Individual ID,"NegotiationRole(1=Recruiter, 2=Candidate)","Bonus(1=10%, 2=8%, 3=6%, 4=4%, 5=2%)","JobAssignmentReverseCode(1=A, 2=B, 3=C, 4=D, 5=E)","VacationTime (1=25, 2=20, 3=15, 4=10, 5=5)","StartDate (1=6/1, 2=6/15, 3=7/1, 4=7/15, 5=8/1)","MovingCost (1=100%, 2=90%, 3=80%, 4=70%, 5=60%)","Insurance (1=A, 2=B, 3=C, 4=D, 5=E)","Salary (1=90000, 2=88000, 3=86000, 4=84000, 5=82000)","Location (1=New York, 2=Boston, 3=Chicago, 4=Atlanta, 5=San Francisco)",Individual Outcome,Dyad Outcome,Pareto Efficiency,"Pareto Efficiency Outlier (1=Yes, 0=No) (for Dyad at least one having prior negotiation training)",SVI_1,SVI_2,SVI_3 (need reverse scoring),SVI_4,SVIO,SVI_5,SVI_6,SVI_7,SVI_8,SVIP,SVI_9,SVI_10,SVI_11,SVI_12,SVIR,Rapport_1,Rapport_2,Rapport_3,Rapport_4,Rapport_5,Rapport,ABI_1,ABI_2,ABI_3,ABI_4,ABI_5,ABI_6,Ability,ABI_7,ABI_8,ABI_9,ABI_10,ABI_11,Benevolence,ABI_12,ABI_13,ABI_14,ABI_15,ABI_16,ABI_17,Integrity,ObservedCooperative,ObservedCompetitive,Emotion_1,Emotion_2,Emotion_3,Relaxed,Emotion_4,Emotion_5,Emotion_6,Angry,Emotion_7,Emotion_8,Emotion_9,Happy,Emotion_10,Emotion_11,Emotion_12,Anxious,"Gender (1=Male, 2=Female)","Same Sex Pair (1=Yes, 0=No)",Age,"Ethnicity (1=Asian, 2=Black, 3=East Indian, 4=Hispanic, 5=Middle Eastern, 6=Native American, 7=Pacific Islander, 8=White, 9=other)",Ethnicity text for 9=other,"Prior negotiation training (1=Yes, 0=No)","Exclusion (dyad prior negotiation training of at least 1 person) (1 = Yes, 0 = No)","Excluded (dyad at least one having prior negotiation training or violating the protocol) (1 = Yes, 0 = No)"
Shared Eating,1,0,0,3,2,2,2,2.25,4,3,4,5,2,5,4,4,2,3.67,3,7,4,4,3,3,1,4,4,7,5,7,4,4,2,1,1,1,1,1,10,3,3,4,3,1,3,1,4,3,1,2.6,1,1,1,2,1,1,1,2,1,2,1.3,1,30,70,19,1901,1,3,2,3,4,3,3,4,5,5 700,7 200,915.68,0,5,7,6,7,5.25,7,7,6,5,6.25,7,6,7,7,6.75,4,7,7,6,7,6.2,4,5,3,4,3,3,3.67,2,4,2,2,3,2.6,5,5,4,5,4,4,4.5,70,30,3,4,3,3.33,1,1,1,1,1,2,2,1.67,4,3,3,3.33,2,0,20,1,,0,0,0
Shared Eating,1,0,0,3,4,4,4,3.75,3,1,2,1,1,2,2,2,1,1.67,3.5,4.5,4.5,4.5,2.5,5,3,5,5,4,6,4,4,4,3,2,4,3,2,4,2,2,3,2,4,3,3,3,4,3,3,3,2,3,2,3,3,3,3,3,3,5,3,3,50,50,20,2001,1,3,2,3,2,4,4,3,5,4 000,7 200,915.54,0,5,4,3,4,4.5,4,4,5,5,4.5,5,4,5,4,4.5,4,3,4,4,4,3.8,3,3,3,2,2,3,2.67,3,2,2,3,3,2.6,2,3,3,3,4,2,2.83,60,40,2,2,2,2,2,2,2,2,3,3,3,3,3,3,3,3,1,0,21,1,,0,0,0
Shared Eating,1,0,0,2,2,2,2,2,3,2,3,3,3,2,2,1,3,2.44,4,6.5,5,4.5,3,4,2,5,5,6,4,7,3,4,2,2,2,1,1,1,0.3,1,1,1,1,1,1,1,1,1,1,1,1,1,1,1,1,2,1,1,1,1,1.1,1,30,70,21,2101,1,2,2,4,3,3,4,3,5,5 000,9 000,989.07,0,5,4,4,5,4.5,4,4,4,5,4.25,4,4,4,4,4,4,4,4,4,4,4,3,3,3,3,3,3,3,3,3,3,3,3,3,3,3,3,3,3,3,3,60,40,1,1,1,1,2,1,1,1.33,1,1,1,1,2,1,1,1.33,2,1,20,1,,0,0,0
Shared Eating,1,0,0,4,2,4,3,3.25,3,3,3,3,3,3,1,3,2,2.67,4,4,6.5,2.5,1.5,4,6,7,3,6,4,6,2,6,5,4,4,4,5,4,2.9,4,3,4,2,5,4,4,4,4,4,3.8,1,1,1,1,1,1,1,2,1,2,1.2,2,0,100,22,2201,1,1,1,5,2,2,3,3,5,4 600,11 400,999.80,0,5,4,3,5,4.75,4,5,4,5,4.5,5,4,5,4,4.5,3,5,5,4,4,4.2,3,4,3,3,4,3,3.33,3,4,3,3,4,3.4,3,4,2,3,3,4,3.17,40,60,4,3,2,3,3,1,1,1.67,2,3,3,2.67,2,2,2,2,1,0,21,1,,0,0,0
Shared Eating,1,0,0,4,3,4,4,3.75,4,3,4,3,1,2,3,4,4,3.11,4,4.5,4,2.5,2,4,5,4,3,6,4,6,4,6,4,5,4,5,1,2,8,4,3,3,3,2,4,3,4,3,3,3.2,2,2,2,5,1,1,1,5,4,5,2.8,4,50,50,23,2301,1,5,1,5,2,2,5,2,5,6 300,10 200,998.08,0,5,6,3,4,5,5,5,4,6,5,6,6,4,6,5.5,5,6,5,4,5,5,4,4,3,4,3,3,3.5,3,3,4,4,4,3.6,4,4,5,4,4,4,4.17,50,50,4,3,3,3.33,1,1,1,1,4,4,4,4,4,5,4,4.33,1,0,19,8,,0,0,0
Shared Eating,1,0,0,4,4,5,4,4.25,3,2,3,3,2,2,2,3,3,2.56,3.5,5.5,5,4,3,4,2,5,4,5,5,5,3,4,2,5,2,4,5,6,0.7,2,3,3,2,3,3,1,2,3,4,2.6,1,1,1,2,1,2,1,2,2,2,1.5,2,50,50,24,2401,1,3,1,2,2,3,1,3,5,1 000,6 600,853.92,0,3,1,7,2,1.75,3,3,1,2,2.25,2,2,1,1,1.5,3,3,2,2,6,3.2,4,3,3,2,3,3,3,2,2,3,2,1,2,2,2,2,2,3,2,2.17,20,80,2,2,2,2,2,3,2,2.33,1,2,2,1.67,2,3,3,2.67,2,0,19,1,,0,0,0
Shared Eating,1,0,0,3,3,4,3,3.25,2,1,3,3,2,4,5,2,4,2.89,5,4,3.5,3,2,4,4,3,3,3,2,4,4,5,4,1,1,1,1,1,1,2,2,5,1,2,2,2,2,1,1,2,1,1,1,1,1,1,1,1,1,1,1,2,50,50,25,2501,1,3,1,4,3,2,3,3,5,5 000,9 600,995.24,0,6,4,3,6,5.25,6,4,3,4,4.25,3,6,5,3,4.25,4,4,4,3,4,3.8,3,3,2,3,3,2,2.67,3,2,3,2,2,2.4,2,2,2,3,3,3,2.5,50,50,3,2,2,2.33,2,2,1,1.67,2,3,3,2.67,2,2,2,2,1,0,18,8,,0,0,0
Shared Eating,1,0,0,4,3,4,4,3.75,3,2,3,3,2,2,3,2,3,2.56,4.5,3.5,5.5,4.5,2,4,4,6,4,6,3,3,3,3,4,4,2,4,4,6,0.5,3,2,3,2,2,3,3,1,3,3,2.5,2,2,2,1,2,2,1,2,2,1,1.7,3,50,50,26,2601,1,5,3,3,3,2,4,2,5,2 900,6 000,761.22,0,5,5,5,4,4.25,5,4,6,5,5,4,5,4,5,4.5,4,5,5,3,5,4.4,4,3,2,3,3,3,3,3,3,4,3,3,3.2,3,3,3,2,4,3,3,40,60,4,4,3,3.67,2,1,1,1.33,3,4,3,3.33,1,1,1,1,1,0,19,1,,0,0,0
Shared Eating,1,0,0,5,4,3,4,4,3,3,3,3,3,3,5,4,3,3.33,4,7,6.5,5,3,5,1,6,5,5,5,7,1,3,2,3,3,3,2,1,0.5,1,1,1,1,1,1,1,2,3,1,1.3,3,3,1,1,3,1,1,3,2,4,2.2,1,20,80,27,2701,1,2,1,3,2,2,3,4,4,4 200,9 000,989.10,0,3,3,7,5,3,5,6,3,4,4.5,6,5,5,4,5,6,7,5,5,6,5.8,5,5,5,5,5,5,5,3,3,3,3,3,3,4,3,5,5,4,5,4.33,10,90,1,1,1,1,1,1,1,1,2,2,2,2,2,3,2,2.33,2,1,19,1,,0,0,0
Shared Eating,1,0,0,2,1,2,2,1.75,1,1,2,1,3,2,3,3,2,2,3.5,3,5.5,3,2,4,5,6,3,6,5,3,3,5,4,4,3,3,2,5,0.6,3,2,3,2,1,3,3,2,3,3,2.5,2,1,2,2,1,1,1,3,3,1,1.7,1,25,75,28,2801,1,3,1,4,3,4,5,2,5,5 500,9 600,995.21,0,5,5,3,4,4.75,6,3,6,6,5.25,4,4,4,4,4,4,5,5,3,3,4,2,2,3,2,2,2,2.17,3,3,3,3,3,3,3,3,3,4,3,4,3.33,80,20,4,4,4,4,1,1,1,1,3,2,3,2.67,2,1,2,1.67,2,0,18,1,,0,0,0
Shared Eating,1,0,0,4,4,2,3,3.25,4,3,4,4,4,4,4,4,3,3.78,2.5,5.5,4.5,2.5,2.5,2,2,5,3,6,5,5,4,6,3,4,2,5,3,4,0.2,3,2,3,3,1,3,2,3,3,3,2.6,1,1,1,1,1,1,1,1,1,1,1,1,20,80,29,2901,1,1,2,4,3,2,2,3,5,2 800,9 000,988.97,0,5,5,5,5,4.5,5,5,6,5,5.25,5,5,5,5,5,5,4,5,5,4,4.6,4,4,4,4,4,4,4,3,3,3,3,4,3.2,3,4,4,4,4,4,3.83,40,60,5,5,5,5,1,1,1,1,2,3,2,2.33,1,1,1,1,1,0,20,4,,0,0,0
Shared Eating,1,0,0,4,4,3,3,3.5,2,2,2,2,2,2,4,4,4,2.67,3.5,5,4,3.5,2.5,5,2,5,3,5,6,4,5,4,3,5,1,5,2,1,10,3,4,3,3,2,4,3,3,3,4,3.2,1,1,1,2,1,1,1,2,3,2,1.5,4,40,60,30,3001,1,3,1,3,3,2,3,2,4,2 200,8 400,976.87,0,2,3,5,5,3.25,5,5,6,5,5.25,6,6,5,4,5.25,6,6,6,6,6,6,4,4,3,3,3,3,3.33,3,3,3,3,3,3,4,3,4,3,4,3,3.5,70,30,4,4,4,4,1,1,1,1,4,3,4,3.67,3,2,1,2,1,0,20,1,,0,0,0
Shared Eating,1,0,0,4,4,4,4,4,4,5,3,4,4,4,3,5,5,4.11,5.5,4.5,5,1.5,3,4,5,6,2,4,1,6,4,7,2,2,4,2,4,2,1.5,3,3,4,3,3,1,4,3,2,4,3,3,1,2,1,4,2,1,1,2,1,1.8,2,30,70,31,3101,1,3,1,2,2,4,4,3,5,3 600,7 800,954.44,0,6,7,4,4,5.25,4,6,3,7,5,6,6,6,7,6.25,4,6,7,4,4,5,4,3,5,5,3,4,4,3,4,5,3,4,3.8,4,4,5,3,5,4,4.17,50,50,1,4,4,3,4,1,1,2,1,4,4,3,2,1,2,1.67,1,1,21,1,,0,0,0
Shared Eating,1,0,0,4,4,4,3,3.75,3,2,4,4,2,3,3,2,4,3,3.5,4,5,3,2.5,3,5,6,3,5,4,5,4,5,3,4,5,3,4,3,10,2,3,3,3,2,3,3,2,3,2,2.6,3,2,2,3,3,2,3,3,3,4,2.8,1,0,100,32,3201,1,2,2,3,4,4,2,2,5,1 700,6 600,852.98,0,5,4,4,4,4.25,5,4,5,5,4.75,5,5,5,4,4.75,5,5,5,4,5,4.8,4,4,4,4,3,4,3.83,4,3,3,3,3,3.2,4,4,4,4,4,3,3.83,40,60,4,3,3,3.33,3,2,2,2.33,3,5,3,3.67,3,4,4,3.67,2,1,19,1,,0,0,0
Shared Eating,1,0,0,4,3,3,3,3.25,2,3,4,2,3,3,3,3,2,2.78,4.5,5,6.5,3.5,2.5,5,4,6,5,5,4,6,1,6,3,3,2,3,6,4,1,2,2,3,3,1,3,2,2,4,3,2.5,1,1,1,2,1,1,1,3,2,3,1.6,1,60,40,33,3301,1,3,1,5,3,3,4,4,5,8 500,10 200,998.28,0,6,6,2,5,5.75,5,4,6,5,5,4,5,5,4,4.5,4,5,4,5,5,4.6,4,4,3,4,4,4,3.83,3,4,3,3,3,3.2,4,3,4,4,4,4,3.83,40,60,2,2,2,2,1,1,1,1,2,3,2,2.33,2,2,2,2,2,0,20,8,,0,0,0
Shared Eating,1,0,0,4,4,3,3,3.5,2,1,2,2,2,2,4,2,2,2.11,4.5,5.5,6,2,3,4,3,7,2,4,3,6,3,6,2,2,2,2,4,4,2,3,2,1,2,2,2,2,2,3,3,2.2,3,1,1,1,1,2,1,3,2,1,1.6,1,60,40,34,3401,1,4,1,4,2,1,5,2,4,4 400,10 200,998.11,0,5,5,3,5,5,4,6,5,2,4.25,4,4,4,5,4.25,4,5,5,6,2,4.4,3,3,3,2,4,3,3,2,3,3,2,3,2.6,3,3,4,5,4,3,3.67,70,30,5,5,5,5,1,1,1,1,3,3,2,2.67,1,1,2,1.33,1,0,20,1,,0,0,0
Shared Eating,1,0,0,4,4,4,4,4,2,3,3,3,3,3,3,2,2,2.67,4,4,4,3.5,2,3,3,2,2,3,3,3,2,3,4,3,3,3,2,3,1,2,2,3,1,2,1,3,1,2,3,2,1,1,1,1,1,1,1,1,1,1,1,1,50,50,35,3501,1,1,2,2,1,2,2,2,5,-1 900,7 800,973.23,0,5,5,2,4,5,5,4,4,5,4.5,5,5,5,5,5,4,4,4,4,4,4,4,4,3,3,4,4,3.67,4,4,4,3,4,3.8,4,3,4,4,4,4,3.83,50,50,1,2,2,1.67,1,1,1,1,1,2,2,1.67,2,1,2,1.67,2,1,20,1,,0,0,0
Shared Eating,1,0,0,1,1,2,1,1.25,4,4,3,3,3,3,3,2,4,3.22,4.5,5.5,5,3.5,2,4,3,4,3,3,3,6,2,4,4,4,4,5,4,5,0.8,2,2,1,2,1,2,2,2,1,2,1.7,3,1,1,1,2,1,1,2,1,1,1.4,1,50,50,36,3601,1,2,1,3,4,3,2,3,5,3 600,8 400,976.89,0,6,6,5,7,5.5,6,7,4,6,5.75,5,7,6,6,6,6,7,7,6,6,6.4,3,4,3,5,4,4,3.83,4,3,4,3,4,3.6,4,2,5,4,4,4,3.83,70,30,3,3,3,3,3,1,1,1.67,2,4,4,3.33,2,2,1,1.67,2,0,19,1,,0,0,0
Shared Eating,1,0,0,3,2,2,3,2.5,4,2,4,2,2,4,4,3,3,3.11,6,6,5.5,4.5,3.5,6,2,6,5,6,2,6,3,4,1,1,2,1,1,1,10,2,1,3,1,1,2,1,4,3,1,1.9,1,3,1,1,2,2,1,1,1,1,1.4,1,70,30,38,3801,1,3,1,3,4,1,3,3,5,4 400,9 600,995.23,0,3,4,7,4,3,4,3,4,6,4.25,5,5,5,3,4.5,4,6,6,1,1,3.6,4,2,3,4,1,1,2.5,3,3,4,2,3,3,3,2,2,4,2,4,2.83,70,30,4,4,4,4,1,1,1,1,3,3,2,2.67,1,1,1,1,2,0,19,2,,0,0,0
Shared Eating,1,0,0,4,5,4,3,4,3,2,3,2,1,2,4,3,3,2.56,4,3.5,4,1.5,1.5,3,6,6,1,5,3,5,6,6,5,1,2,1,1,6,0.1,4,4,4,5,4,4,1,4,4,4,3.8,1,1,1,1,5,2,1,1,1,1,1.5,2,50,50,39,3901,1,1,1,4,5,2,1,4,5,5 300,9 600,995.22,0,6,6,1,6,6.25,7,6,5,7,6.25,4,6,6,7,5.75,5,6,7,5,2,5,2,2,3,2,2,4,2.5,2,4,4,2,3,3,4,4,4,4,4,3,3.83,50,50,4,2,4,3.33,3,2,2,2.33,5,5,3,4.33,1,1,1,1,1,0,22,1,,0,0,0
Shared Eating,1,0,0,4,4,4,4,4,3,3,4,3,3,4,3,4,4,3.44,6.5,5.5,6,3.5,2.5,7,4,5,4,6,2,7,1,5,3,4,1,3,4,4,5,2,1,1,1,1,3,1,2,2,3,1.7,1,1,1,1,1,2,1,2,1,1,1.2,1,100,0,40,4001,1,3,1,3,3,3,2,4,5,4 900,7 800,954.27,0,5,4,2,4,4.75,6,6,7,5,6,7,5,5,5,5.5,5,5,7,6,7,6,2,4,2,2,3,2,2.5,3,2,4,3,4,3.2,3,4,4,4,3,4,3.67,100,0,5,5,4,4.67,1,1,1,1,1,3,3,2.33,1,1,1,1,2,0,20,7,,0,0,0
Shared Eating,1,0,0,4,3,2,4,3.25,5,3,5,4,5,5,2,3,4,4,1.5,6,6,3.5,1.5,2,2,6,4,3,7,6,2,5,5,2,2,2,1,1,10,4,2,1,2,1,3,1,3,3,2,2.2,4,1,1,4,1,1,1,5,3,4,2.5,1,50,50,41,4101,1,4,1,4,3,4,2,2,5,3 500,7 200,915.49,0,4,3,3,6,4.5,4,5,5,5,4.75,5,4,5,4,4.5,5,4,5,5,4,4.6,4,4,4,4,4,4,4,4,4,4,4,4,4,4,4,4,4,4,4,4,40,60,1,3,3,2.33,1,1,1,1,2,1,1,1.33,3,3,3,3,2,0,18,1,,0,0,0
Shared Eating,1,0,0,3,4,4,3,3.5,3,1,3,4,3,2,3,3,3,2.78,4,4,4.5,4.5,2.5,4,5,4,6,4,4,5,3,5,3,2,2,2,1,6,2,3,4,4,3,2,2,3,2,3,4,3,2,1,1,2,3,2,3,4,3,3,2.4,4,80,20,42,4201,1,2,2,1,1,3,3,1,4,-3 300,6 000,806.52,0,4,6,6,5,4.25,6,4,5,5,5,4,6,6,5,5.25,5,5,5,3,6,4.8,4,5,4,3,4,3,3.83,4,4,4,4,4,4,4,4,4,5,4,4,4.17,75,25,4,3,2,3,3,1,1,1.67,4,3,2,3,3,3,3,3,1,0,19,1,,0,0,0
Shared Eating,1,0,0,4,4,3,3,3.5,3,3,3,3,3,3,2,2,4,2.89,3.5,4.5,4.5,3.5,2,5,4,4,4,4,6,5,3,5,4,4,4,4,4,3,3.1,2,3,2,3,2,2,2,3,3,3,2.5,3,1,1,1,2,1,1,2,3,1,1.6,2,50,50,43,4301,1,3,2,2,3,3,3,1,5,-400,6 600,859.85,0,4,5,5,4,4,4,4,5,5,4.5,5,5,4,5,4.75,4,4,4,4,4,4,4,3,4,3,3,3,3.33,3,4,4,4,4,3.8,4,4,3,3,4,3,3.5,60,40,3,4,4,3.67,1,1,1,1,2,3,4,3,3,4,3,3.33,2,1,18,1,,0,0,0
Shared Eating,1,0,0,3,2,2,4,2.75,3,1,3,3,4,2,3,3,3,2.78,3.5,4.5,5.5,3,3,3,3,5,2,5,4,4,2,4,2,3,1,2,4,2,2,3,2,3,2,1,4,1,2,3,1,2.2,1,1,1,1,1,1,1,1,1,1,1,3,30,70,44,4401,1,2,2,4,4,4,3,2,5,3 500,7 800,954.36,0,5,4,3,4,4.5,5,5,4,4,4.5,5,4,6,5,5,5,4,5,4,4,4.4,3,4,4,3,3,4,3.5,4,3,4,3,3,3.4,3,4,3,4,4,4,3.67,50,50,3,3,4,3.33,2,1,1,1.33,3,2,3,2.67,3,2,3,2.67,1,0,19,2,,0,0,0
Shared Eating,1,0,0,5,5,4,5,4.75,1,1,1,2,5,5,4,2,3,2.67,6.5,7,7,1,2.5,7,1,7,1,7,2,7,1,7,3,7,3,7,7,5,2.5,4,4,4,4,2,4,1,2,4,1,3,1,2,1,2,1,1,1,3,1,1,1.4,1,75,25,45,4501,1,1,1,5,1,5,3,4,5,6 100,9 600,995.14,0,6,5,3,6,5.5,6,6,4,5,5.25,6,5,5,5,5.25,4,6,5,3,5,4.6,4,4,5,4,4,4,4.17,3,3,3,2,3,2.8,4,3,4,4,4,5,4,70,30,2,2,2,2,1,1,1,1,1,2,1,1.33,2,2,3,2.33,2,0,19,1,,0,0,0
Shared Eating,1,0,0,4,2,4,2,3,3,3,4,3,4,3,2,3,2,3,6,4.5,7,1.5,2.5,7,4,7,1,7,3,5,1,6,3,4,3,4,4,5,1.9,2,2,1,1,1,3,1,3,2,1,1.7,1,1,1,1,1,1,1,1,1,1,1,3,30,70,46,4601,1,4,2,3,4,3,5,3,5,6 200,7 800,954.77,0,4,6,2,6,5.5,6,7,6,6,6.25,6,6,5,4,5.25,4,5,5,4,3,4.2,4,4,4,4,3,4,3.83,4,3,3,3,3,3.2,4,4,4,4,3,3,3.67,60,40,4,4,4,4,1,1,1,1,3,3,3,3,1,1,1,1,2,0,19,1,,0,0,0
Shared Eating,1,0,0,5,4,5,3,4.25,3,5,3,3,5,5,3,4,4,3.89,3,4.5,6,3,1,4,4,6,4,5,6,5,2,6,6,5,3,5,5,4,2,2,1,3,2,1,2,1,2,2,1,1.7,1,1,1,2,1,1,1,2,1,1,1.2,1,70,30,48,4801,1,3,2,4,3,3,2,3,5,3 800,7 200,915.55,0,5,7,2,4,5.5,5,6,5,4,5,6,7,3,4,5,4,6,6,6,2,4.8,4,4,2,4,2,4,3.33,3,3,3,3,3,3,3,3,4,3,4,1,3,65,35,4,5,5,4.67,1,1,1,1,1,4,1,2,1,1,1,1,2,0,19,8,,0,0,0
Shared Eating,1,0,0,3,3,3,3,3,2,3,5,3,1,1,2,3,2,2.44,3.5,5.5,4,3,1,4,4,6,4,6,5,7,6,6,6,3,1,2,4,1,2.5,3,1,3,3,3,3,3,3,4,3,2.9,1,1,1,1,1,1,1,1,1,1,1,2,50,50,49,4901,1,3,1,2,3,3,4,3,5,4 000,8 400,976.91,0,5,6,3,4,5,6,5,4,5,5,4,5,6,5,5,6,6,6,6,5,5.8,5,4,3,3,3,4,3.67,3,3,5,3,4,3.6,3,3,2,5,4,3,3.33,50,50,4,4,4,4,1,1,1,1,1,4,3,2.67,1,1,1,1,2,0,22,8,,0,0,0
Shared Eating,1,0,0,4,3,3,3,3.25,1,2,3,2,1,1,3,2,2,1.89,3,5.5,2.5,2,2.5,4,3,3,2,4,6,6,6,6,3,4,4,4,1,6,3,2,2,2,2,2,1,2,2,2,2,1.9,2,1,1,1,1,1,1,2,2,1,1.3,1,50,50,50,5001,1,1,1,1,1,3,5,1,5,-1 200,9 600,998.86,0,4,4,4,4,4,4,4,4,4,4,4,4,4,4,4,4,4,5,4,4,4.2,3,3,3,3,3,3,3,4,3,3,4,3,3.4,3,3,4,3,3,3,3.17,50,50,1,1,1,1,1,1,1,1,1,3,3,2.33,1,1,1,1,2,0,20,1,,0,0,0
Shared Eating,1,0,0,4,4,4,4,4,3,2,4,4,4,2,3,4,4,3.33,4,4,4.5,3,2,4,4,5,3,4,4,4,4,5,4,4,5,4,4,5,2.4,2,2,2,2,1,2,2,2,2,2,1.9,1,1,1,1,1,2,1,1,2,1,1.2,2,60,40,51,5101,1,4,1,3,2,3,2,3,5,3 200,7 200,915.54,0,5,6,3,4,5,6,6,6,6,6,5,6,6,6,5.75,4,6,6,5,3,4.8,4,3,4,3,4,4,3.67,3,4,4,4,4,3.8,4,4,4,3,3,4,3.67,90,10,4,4,4,4,2,1,2,1.67,1,2,2,1.67,1,1,1,1,2,0,19,1,,0,0,0
Shared Eating,1,0,0,3,4,3,4,3.5,2,2,2,3,2,2,2,3,3,2.33,5,5,4,2.5,2.5,5,4,3,2,5,3,6,3,5,3,4,3,3,3,3,10,4,4,1,3,3,2,4,3,3,3,3,1,1,1,1,1,1,1,4,1,2,1.4,2,50,50,57,5701,1,1,1,4,3,1,5,5,2,7 700,10 800,999.30,0,5,5,3,4,4.75,5,5,5,4,4.75,4,5,4,5,4.5,4,5,5,5,6,5,3,4,3,3,4,3,3.33,3,3,3,2,4,3,3,3,3,3,3,4,3.17,60,40,4,3,4,3.67,1,1,1,1,3,4,4,3.67,2,2,1,1.67,1,0,23,1,,0,0,0
Shared Eating,1,0,0,4,4,4,4,4,3,1,4,4,1,1,3,3,4,2.67,7,4,7,3,1.5,7,4,7,1,7,1,4,1,3,5,4,4,7,4,4,4.6,2,2,2,2,3,2,1,2,2,2,2,1,1,1,1,1,1,1,1,3,1,1.2,1,0,100,58,5801,1,1,1,3,4,3,3,4,5,5 500,9 600,995.21,0,5,7,1,7,6.5,7,7,7,7,7,7,7,7,7,7,7,7,7,7,7,7,5,5,5,5,5,5,5,5,5,5,5,5,5,5,5,5,5,5,5,5,35,65,5,5,5,5,1,1,1,1,1,3,2,2,1,1,1,1,1,0,20,8,,0,0,0
Shared Eating,1,1,0,3,3,3,3,3,3,1,3,3,2,3,4,3,2,2.67,3.5,4,6,3,3,4,6,6,4,5,5,6,2,6,2,1,3,2,3,5,2,4,3,4,3,4,3,3,4,3,3,3.4,3,3,2,4,3,2,3,2,3,2,2.7,2,30,70,59,5901,1,3,3,3,5,2,3,3,2,3 100,4 800,500.00,Already Excluded due to Protocol Violation and Prior Training (one or both in a dyad),5,6,2,5,5.5,5,5,4,4,4.5,4,5,5,5,4.75,4,5,5,5,6,5,4,4,3,4,4,4,3.83,3,4,3,2,4,3.2,3,3,4,4,3,4,3.5,50,50,4,4,4,4,1,2,1,1.33,3,3,2,2.67,3,1,1,1.67,1,0,21,1,,1,1,1
Shared Eating,1,1,0,5,4,4,3,4,3,2,3,2,5,4,3,2,3,3,4,4,4.5,3.5,2,4,4,4,5,5,4,4,3,6,4,3,4,4,5,3,4,2,2,2,3,2,3,3,3,3,2,2.5,1,1,1,3,2,3,2,3,1,3,2,2,51,49,60,6001,1,5,2,2,4,5,5,3,5,6 000,5 400,642.76,1,4,4,3,4,4.25,6,4,3,6,4.75,3,6,6,6,5.25,4,4,5,3,5,4.2,4,3,4,5,4,3,3.83,4,3,2,4,4,3.4,3,3,3,4,4,4,3.5,50,50,2,4,4,3.33,2,2,2,2,2,5,4,3.67,2,2,4,2.67,2,0,19,1,,0,0,0
Shared Eating,1,0,0,4,2,4,4,3.5,3,2,3,4,2,2,3,2,5,2.89,3.5,3.5,3,3.5,3,3,5,2,3,6,4,4,4,4,2,1,1,1,2,1,2.5,2,1,1,2,1,1,2,3,2,1,1.6,2,1,1,1,2,1,1,1,1,1,1.2,2,45,55,61,6101,1,4,3,3,2,3,4,4,5,5 100,6 000,761.54,0,5,4,3,4,4.5,5,4,4,4,4.25,4,4,4,4,4,3,4,3,2,3,3,2,4,4,3,4,3,3.33,2,3,4,3,3,3,3,4,3,3,4,4,3.5,55,45,3,4,3,3.33,1,1,1,1,1,3,3,2.33,2,1,1,1.33,1,1,23,1,,0,0,0
Shared Eating,1,1,0,4,3,4,3,3.5,3,2,2,3,2,2,2,4,3,2.56,3.5,4,4,3,2,4,4,4,3,3,5,4,4,5,4,3,4,3,3,4,2.1,3,2,3,3,2,3,2,2,3,3,2.6,3,2,2,3,2,3,2,2,2,2,2.3,4,50,50,62,6201,1,1,1,2,3,1,2,1,5,-1 800,9 600,999.44,Already Excluded due to Protocol Violation and Prior Training (one or both in a dyad),4,4,4,5,4.25,4,4,3,5,4,4,4,5,5,4.5,4,4,3,4,4,3.8,4,2,3,3,2,3,2.83,3,2,3,3,3,2.8,3,2,3,3,4,3,3,50,50,2,3,3,2.67,3,3,2,2.67,2,4,3,3,2,3,4,3,1,0,22,1,,1,1,1
Shared Eating,1,0,0,3,4,4,3,3.5,3,4,5,3,2,5,3,4,3,3.56,5,3.5,4,4.5,2,5,5,3,5,4,3,4,3,4,4,2,3,3,3,4,10,3,3,2,4,4,2,3,2,3,3,2.9,2,3,2,3,2,4,2,3,3,3,2.7,2,50,50,63,6301,1,2,3,4,4,1,3,3,5,3 800,8 400,976.90,0,4,4,2,4,4.5,6,4,5,5,5,4,5,5,6,5,5,5,5,5,4,4.8,4,4,4,4,4,4,4,4,4,3,4,4,3.8,4,3,2,4,4,4,3.5,50,50,2,3,4,3,1,1,1,1,1,4,3,2.67,2,2,1,1.67,2,,19,1,,0,0,0
Shared Eating,1,0,0,4,2,4,2,3,2,4,3,2,3,2,3,2,3,2.67,2.5,5.5,6.5,1,3.5,3,3,7,1,6,6,6,2,7,1,6,3,5,5,3,1.5,3,3,5,3,5,5,3,4,2,5,3.8,2,1,1,1,1,2,1,1,1,1,1.2,2,75,25,64,6401,1,2,1,1,3,1,4,2,5,700,9 600,996.29,0,6,4,3,5,5,3,7,4,6,5,4,4,2,3,3.25,2,5,6,3,5,4.2,4,3,3,3,3,5,3.5,3,4,2,3,2,2.8,4,3,2,3,4,3,3.17,25,75,4,5,4,4.33,2,1,1,1.33,1,4,3,2.67,1,4,1,2,1,0,19,2,,0,0,0
Shared Eating,1,0,0,4,3,4,4,3.75,1,3,4,4,2,3,2,3,1,2.56,3,6,7,2,3,3,3,7,3,5,5,7,1,7,2,7,3,6,7,1,2.5,3,2,2,3,3,2,3,4,3,3,2.8,1,1,1,1,1,1,1,1,1,1,1,4,40,60,65,6501,1,3,1,4,3,3,3,3,5,5 200,9 000,989.05,0,5,5,3,5,5,4,4,4,5,4.25,4,6,5,5,5,4,5,5,5,6,5,5,3,4,4,3,4,3.83,3,3,4,4,4,3.6,3,4,4,4,4,4,3.83,40,60,5,5,5,5,1,1,1,1,3,4,3,3.33,1,1,2,1.33,1,1,21,8,,0,0,0
Shared Eating,1,0,0,4,3,2,3,3,2,3,4,2,4,3,4,4,2,3.11,7,5.5,3.5,6,3.5,7,4,4,7,5,1,7,5,3,1,4,1,4,4,4,2,2,2,4,3,2,2,3,4,2,5,2.9,4,4,4,2,3,4,2,2,4,2,3.1,1,20,80,66,6601,1,2,2,3,3,3,3,3,4,2 900,7 200,915.43,0,4,5,4,4,4.25,5,4,4,5,4.5,5,4,2,4,3.75,1,4,4,4,4,3.4,3,3,3,3,3,3,3,3,2,3,3,3,2.8,2,3,3,3,3,3,2.83,20,80,3,3,5,3.67,3,3,3,3,3,3,3,3,3,3,3,3,2,0,18,8,,0,0,0
Shared Eating,1,0,0,4,5,3,4,4,5,5,5,5,5,5,5,5,5,5,7,5.5,5,1.5,3.5,7,2,5,1,7,1,5,3,6,1,5,5,5,4,1,3,3,2,3,3,1,2,2,2,4,2,2.4,1,1,1,1,1,1,1,1,2,1,1.1,3,50,50,67,6701,1,1,2,4,5,2,3,3,5,4 800,9 600,995.26,0,5,6,5,4,4.5,7,6,5,5,5.75,6,5,4,7,5.5,6,4,5,6,5,5.2,3,4,4,3,3,3,3.33,4,5,4,3,3,3.8,4,3,5,4,3,5,4,50,50,5,5,4,4.67,1,1,1,1,2,3,2,2.33,1,1,1,1,1,0,19,8,,0,0,0
Shared Eating,1,0,0,3,3,3,3,3,4,2,4,5,2,2,5,4,2,3.33,4,2.5,4.5,2,2.5,4,7,5,1,7,4,4,4,5,3,5,2,4,6,3,4.5,1,1,2,1,1,2,1,3,2,1,1.5,1,1,1,2,1,2,1,3,1,2,1.5,2,45,55,68,6801,1,2,2,5,3,1,5,2,5,4 900,11 400,999.81,0,3,4,3,4,4,3,3,4,3,3.25,5,5,6,5,5.25,4,5,4,4,4,4.2,3,3,3,3,3,3,3,3,3,2,3,3,2.8,2,3,3,3,3,3,2.83,50,50,2,2,2,2,1,1,1,1,2,2,2,2,1,1,1,1,1,0,23,1,,0,0,0
Shared Eating,1,0,0,4,3,2,3,3,3,2,4,4,3,1,2,4,5,3.11,1.5,6,3.5,5,2,1,2,6,5,6,6,6,7,3,4,6,4,6,7,5,6.1,4,2,1,1,1,2,2,3,2,2,2,4,2,3,4,1,1,1,5,5,5,3.1,1,25,75,69,6901,1,1,1,5,4,2,3,3,4,5 500,10 800,999.35,0,6,5,3,6,5.5,6,6,6,6,6,6,6,6,6,6,3,6,5,5,4,4.6,4,4,3,3,3,3,3.33,3,2,2,3,3,2.6,3,4,4,4,4,4,3.83,50,50,1,2,2,1.67,1,1,1,1,3,2,2,2.33,4,5,5,4.67,2,0,22,4,,0,0,0
No Eating,3,0,0,4,4,4,4,4,3,3,4,4,3,4,2,4,4,3.44,3.5,5,4,3,2.5,4,3,3,3,5,5,5,3,5,3,,,,,,,4,3,2,3,3,2,4,1,4,3,2.9,3,1,1,1,2,2,1,2,3,1,1.7,4,60,40,107,10701,1,2,1,3,3,3,3,3,5,3 800,9 000,989.05,0,2,3,5,4,3,3,5,3,3,3.5,3,3,2,3,2.75,3,5,5,2,4,3.8,3,4,2,4,4,4,3.5,2,4,3,1,2,2.4,3,3,3,4,4,4,3.5,70,30,1,3,4,2.67,3,1,1,1.67,1,4,2,2.33,3,Missing,Missing,3,2,0,22,1,,0,0,0
No Eating,3,0,0,2,3,2,3,2.5,3,2,3,2,2,3,2,3,3,2.56,2,4.5,5.5,3,2.5,2,5,5,4,5,6,6,2,6,3,,,,,,,2,2,3,2,1,4,2,3,3,3,2.5,3,1,1,3,2,3,1,2,1,1,1.8,3,50,50,108,10801,1,2,1,5,4,3,3,2,5,4 900,10 200,998.12,0,4,4,2,4,4.5,4,4,4,4,4,4,4,4,4,4,4,4,4,4,4,4,3,3,3,3,4,3,3.17,3,3,4,3,3,3.2,3,3,4,4,3,4,3.5,50,50,4,4,4,4,2,1,1,1.33,3,4,4,3.67,1,4,1,2,1,0,20,1,,0,0,0
No Eating,3,0,0,4,2,4,2,3,3,2,4,2,2,3,3,3,2,2.67,4.5,5,6,5,2,5,3,6,6,5,4,5,2,4,4,,,,,,,3,2,2,1,1,4,1,2,4,2,2.2,1,1,1,1,1,1,1,2,2,1,1.2,1,50,50,109,10901,1,3,2,3,4,4,4,3,5,5 200,7 200,915.54,0,6,6,5,4,4.75,6,6,6,4,5.5,6,6,4,4,5,4,5,5,5,3,4.4,4,3,3,3,3,3,3.17,2,3,3,3,3,2.8,3,3,4,3,4,4,3.5,60,40,2,2,2,2,1,1,1,1,2,2,2,2,1,2,2,1.67,2,0,20,8,,0,0,0
No Eating,3,0,0,4,4,4,3,3.75,4,4,4,4,4,2,5,3,3,3.67,3,6,4,2.5,2.5,3,2,5,2,4,5,6,5,5,3,,,,,,,4,5,3,5,3,2,4,4,4,4,3.8,3,1,2,3,1,1,2,3,2,2,2,4,36,64,110,11001,1,2,1,4,3,2,3,5,5,7 600,10 200,998.10,0,5,5,1,4,5.25,5,5,6,5,5.25,5,5,6,5,5.25,4,4,5,4,6,4.6,3,3,2,3,2,3,2.67,4,4,4,4,3,3.8,4,3,4,4,4,4,3.83,77,23,3,3,3,3,1,1,1,1,3,4,4,3.67,2,2,2,2,1,0,19,8,,0,0,0
No Eating,3,0,0,4,4,4,4,4,3,2,3,2,2,2,3,3,3,2.56,4.5,5,4,3.5,2,4,3,4,3,4,3,5,4,4,4,,,,,,,3,2,3,2,2,3,3,3,3,3,2.7,2,2,2,2,2,2,2,2,2,2,2,3,50,50,111,11101,1,2,1,3,3,2,4,1,3,800,9 000,990.49,0,2,2,1,4,3.75,3,4,3,3,3.25,3,3,4,3,3.25,4,4,4,3,3,3.6,3,4,3,2,3,3,3,2,3,2,Missing,3,2.5,2,3,3,2,2,3,2.5,40,60,2,3,2,2.33,2,3,3,2.67,3,2,2,2.33,3,3,4,3.33,2,0,20,1,,0,0,0
No Eating,3,0,0,5,4,4,4,4.25,2,3,3,3,2,4,3,3,2,2.78,4.5,5.5,6.5,1.5,1.5,6,2,7,2,6,5,5,2,7,5,,,,,,,5,4,4,5,2,5,1,4,4,3,3.7,1,1,3,1,3,3,2,4,2,1,2.1,2,30,70,112,11201,1,1,1,5,1,1,5,5,5,8 400,13 200,1000.00,0,7,7,1,7,7,7,7,7,6,6.75,4,7,7,5,5.75,4,7,7,6,7,6.2,4,4,3,3,3,3,3.33,4,4,5,4,4,4.2,4,3,5,4,4,5,4.17,60,40,4,5,4,4.33,1,1,1,1,3,5,4,4,1,2,1,1.33,2,0,19,8,,0,0,0
No Eating,3,0,0,4,4,4,2,3.5,4,2,5,4,1,2,3,2,4,3,5.5,5,3,4.5,2,5,2,3,4,5,2,4,5,3,4,,,,,,,3,1,1,3,1,5,4,3,1,2,2.4,1,1,1,2,1,1,1,5,2,4,1.9,6,70,30,113,11301,1,1,1,5,4,1,4,1,5,3 400,12 600,999.99,0,7,6,6,7,5.5,6,7,7,6,6.5,6,7,7,6,6.5,4,6,6,4,5,5,5,4,5,5,5,5,4.83,4,4,5,4,5,4.4,4,5,5,4,5,5,4.67,30,70,5,4,1,3.33,1,1,1,1,1,4,4,3,1,1,1,1,2,0,19,1,,0,0,0
No Eating,3,1,0,4,4,4,4,4,4,3,4,4,3,2,1,1,2,2.67,5.5,6,6,2.5,3,6,2,6,1,6,3,6,2,4,2,,,,,,,3,3,3,3,2,4,2,3,4,4,3.1,1,1,1,1,1,1,1,1,1,1,1,1,50,50,114,11401,1,4,3,2,4,3,4,1,5,800,5 400,640.33,1,6,6,1,6,6.25,6,6,6,6,6,6,6,6,6,6,1,6,6,6,2,4.2,4,3,3,4,2,4,3.33,3,4,4,3,3,3.4,4,4,4,4,4,4,4,80,20,4,4,4,4,1,1,1,1,3,4,4,3.67,1,1,1,1,2,0,18,1,,0,0,0
No Eating,3,0,0,2,2,2,2,2,2,2,5,2,2,3,2,2,4,2.67,1,2.5,7,2.5,0.5,1,7,7,4,4,7,4,1,7,7,,,,,,,3,3,3,3,3,3,1,3,3,2,2.7,1,1,1,1,1,1,1,1,1,1,1,3,30,70,115,11501,1,3,1,4,4,3,3,4,5,7 300,9 000,989.28,0,6,5,1,6,6,6,6,4,6,5.5,5,4,4,4,4.25,6,6,6,6,6,6,4,4,4,4,4,4,4,4,4,4,4,4,4,4,4,4,4,4,4,4,60,40,3,4,3,3.33,1,1,1,1,3,3,3,3,3,1,1,1.67,2,0,22,4,,0,0,0
No Eating,3,0,0,3,4,3,4,3.5,3,2,4,4,3,4,3,3,5,3.44,3.5,3.5,6,3.5,2,3,5,6,4,6,4,4,2,5,4,,,,,,,3,2,3,2,2,3,1,4,4,3,2.7,2,1,2,1,1,1,1,1,3,1,1.4,1,60,40,116,11601,1,3,2,5,2,4,3,4,5,6 700,7 800,955.29,0,4,4,5,5,4,5,5,4,5,4.75,4,4,3,5,4,4,5,5,4,5,4.6,4,4,3,3,3,4,3.5,3,3,3,3,3,3,3,4,4,3,3,3,3.33,50,50,2,2,2,2,1,1,3,1.67,2,3,1,2,2,2,2,2,2,0,18,1,,0,0,0
No Eating,3,1,0,5,4,1,4,3.5,4,3,3,2,2,2,3,3,4,2.89,4.5,3,5.5,5.5,2,5,6,4,7,4,4,4,1,4,4,,,,,,,3,2,3,3,3,4,2,4,4,3,3.1,2,1,1,5,2,1,1,5,2,3,2.3,1,75,25,117,11701,1,5,1,3,4,1,4,1,5,3 000,9 000,988.97,Already Excluded due to Protocol Violation and Prior Training (one or both in a dyad),4,3,4,5,4,7,4,3,4,4.5,4,7,1,1,3.25,3,6,4,4,4,4.2,5,5,5,1,1,3,3.33,1,1,3,1,3,1.8,4,3,5,4,4,3,3.83,35,65,1,2,1,1.33,2,2,1,1.67,2,2,1,1.67,5,5,5,5,2,0,19,4,,0,1,1
No Eating,3,1,0,4,5,3,4,4,3,3,2,1,3,2,4,3,3,2.67,3,5.5,4.5,3.5,3,5,3,2,4,5,7,6,1,5,2,,,,,,,5,4,4,4,3,1,4,5,3,4,3.7,2,1,1,1,1,2,1,1,1,2,1.3,5,35,65,118,11801,1,5,5,5,5,2,5,5,1,9 000,3 000,67.63,1,5,5,3,5,5,5,4,5,7,5.25,4,3,3,3,3.25,6,5,5,4,5,5,4,3,3,4,3,4,3.5,4,5,4,5,3,4.2,3,2,3,2,3,4,2.83,37,63,5,5,5,5,3,2,2,2.33,4,4,3,3.67,2,2,3,2.33,1,0,20,1,,0,0,0
No Eating,3,0,0,4,2,2,1,2.25,5,3,5,5,4,4,5,3,3,4.11,5,4.5,5.5,4,2.5,6,5,6,4,6,4,6,3,4,3,,,,,,,3,1,3,2,3,5,3,3,4,2,2.9,2,2,1,1,1,2,1,2,2,2,1.6,1,60,40,119,11901,1,3,2,2,2,1,2,2,4,-1 000,6 600,865.24,0,3,3,6,4,3,4,5,6,5,5,6,6,5,5,5.5,3,6,4,5,6,4.8,5,5,5,5,4,5,4.83,3,3,5,3,4,3.6,5,1,5,5,5,5,4.33,30,70,5,5,4,4.67,1,1,1,1,3,3,3,3,1,2,1,1.33,2,0,19,9,mixed (black and southeast asian),0,0,0
No Eating,3,1,0,4,4,4,4,4,4,3,5,5,5,5,2,3,4,4,4.5,5.5,5,5,3,5,3,4,5,5,4,6,2,3,2,,,,,,,2,2,2,2,1,1,2,2,2,2,1.8,1,1,1,1,1,1,1,2,2,1,1.2,3,50,50,120,12001,1,3,3,3,3,3,3,3,3,2 400,4 800,500.00,1,6,6,6,6,5,6,6,6,6,6,6,6,6,6,6,4,7,7,4,3,5,3,3,3,4,3,4,3.33,3,5,4,4,4,4,3,5,2,3,4,3,3.33,50,50,4,4,4,4,1,1,1,1,1,3,3,2.33,1,1,1,1,1,0,18,1,,0,0,0
No Eating,3,0,0,3,5,5,5,4.5,5,5,3,3,3,3,3,2,5,3.56,7,6,5.5,1,3.5,7,1,4,1,7,1,5,1,7,1,,,,,,,5,5,5,5,5,5,5,5,5,5,5,1,1,1,1,1,1,1,1,1,1,1,1,50,50,121,12101,1,3,1,3,4,4,3,3,4,4 700,7 200,915.37,0,7,7,1,6,6.75,7,4,7,7,6.25,5,5,5,6,5.25,4,7,7,7,7,6.4,4,5,3,3,3,4,3.67,3,3,3,3,3,3,3,3,5,3,3,3,3.33,50,50,5,5,5,5,1,1,1,1,5,5,5,5,1,1,1,1,1,0,22,2,,0,0,0
No Eating,3,0,0,2,2,2,2,2,3,2,3,3,2,3,1,2,3,2.44,3,6,4,3,2,4,2,2,2,2,6,6,2,4,4,,,,,,,4,2,2,3,1,3,3,2,2,2,2.4,4,3,1,4,1,2,4,4,1,4,2.8,5,40,60,122,12201,1,2,1,4,2,3,4,1,5,2 000,10 200,998.23,0,5,3,4,3,3.75,5,3,6,4,4.5,3,5,3,6,4.25,4,6,6,3,6,5,3,3,3,4,4,3,3.33,3,3,4,3,3,3.2,3,4,3,4,4,4,3.67,70,30,3,4,4,3.67,3,1,1,1.67,3,4,3,3.33,2,2,1,1.67,1,0,21,1,,0,0,0
No Eating,3,0,0,3,2,3,2,2.5,3,3,3,3,5,4,2,5,2,3.33,2,6.5,6,4.5,3,2,2,7,7,6,6,7,3,6,2,,,,,,,4,3,3,4,3,3,4,3,3,1,3.1,1,1,1,1,1,1,1,1,1,1,1,1,50,50,124,12401,1,1,1,3,3,1,5,3,5,4 600,12 000,999.96,0,4,6,4,2,4,7,7,7,7,7,7,7,5,7,6.5,7,7,7,7,7,7,5,5,4,5,5,5,4.83,3,4,4,3,3,3.4,5,5,5,5,5,5,5,70,30,5,4,4,4.33,1,1,1,1,3,5,5,4.33,1,1,1,1,2,0,20,8,,0,0,0
No Eating,3,1,0,5,4,3,4,4,4,2,5,3,3,3,4,3,4,3.44,7,4.5,6.5,2,2,7,4,6,3,6,1,5,1,7,4,,,,,,,4,3,3,3,3,1,3,4,3,2,2.9,1,1,1,2,1,4,1,2,3,1,1.7,2,25,75,125,12501,1,3,3,2,2,4,2,3,5,800,4 200,359.89,1,6,5,2,4,5.25,7,6,5,6,6,6,5,6,6,5.75,4,5,5,5,3,4.4,4,4,3,3,3,3,3.33,4,4,2,3,3,3.2,3,2,3,3,4,4,3.17,66,34,4,4,4,4,1,1,1,1,3,4,3,3.33,2,2,1,1.67,1,0,18,8,,0,0,0
No Eating,3,0,0,4,4,4,4,4,2,3,3,2,4,4,4,3,3,3.11,4.5,5.5,6,1.5,2,4,3,6,1,7,3,6,2,6,4,,,,,,,4,3,3,3,1,3,3,2,3,3,2.8,1,1,1,1,1,1,1,2,1,1,1.1,1,70,30,126,12601,1,1,1,3,1,3,3,3,5,2 200,9 600,995.29,0,5,4,6,6,4.25,4,6,5,2,4.25,6,4,5,6,5.25,5,4,4,3,2,3.6,5,4,4,4,3,4,4,3,3,4,2,4,3.2,4,3,3,4,4,4,3.67,50,50,2,2,2,2,1,1,1,1,2,2,2,2,3,1,1,1.67,1,0,20,4,,0,0,0
No Eating,3,1,0,4,4,4,3,3.75,3,2,3,3,2,2,3,3,4,2.78,4.5,4.5,5.5,3.5,2.5,5,4,6,4,4,4,5,3,5,3,,,,,,,4,4,3,4,3,4,3,3,4,3,3.5,2,2,1,2,2,2,1,2,2,2,1.8,2,60,40,127,12701,1,2,1,3,2,1,5,4,5,5 900,11 400,999.81,Already Excluded due to Protocol Violation and Prior Training (one or both in a dyad),5,5,3,5,5,5,5,5,5,5,5,5,5,5,5,5,6,5,5,3,4.8,4,4,3,4,3,4,3.67,3,3,3,3,3,3,3,4,4,4,4,4,3.83,60,40,4,4,3,3.67,2,2,2,2,3,4,4,3.67,2,2,2,2,1,0,21,8,,1,1,1
No Eating,3,0,0,4,3,3,2,3,2,2,2,2,4,2,2,2,3,2.33,2.5,4,4,4,1.5,2,4,5,5,3,5,4,5,5,5,,,,,,,3,2,3,3,1,2,2,2,2,2,2.2,2,2,1,2,1,2,1,2,2,2,1.7,1,30,70,128,12801,1,3,2,4,2,3,4,4,5,6 300,8 400,976.82,0,5,6,4,4,4.75,4,5,6,6,5.25,4,4,4,2,3.5,4,5,2,3,5,3.8,3,3,3,3,3,3,3,3,3,3,3,3,3,3,4,4,4,3,3,3.5,65,35,3,4,4,3.67,1,1,1,1,3,3,3,3,2,2,3,2.33,1,0,19,1,,0,0,0
No Eating,3,0,0,4,4,4,2,3.5,4,3,4,4,3,3,4,3,4,3.56,7,5,5.5,1.5,2,7,5,7,2,6,1,7,4,7,4,,,,,,,1,1,4,2,2,2,1,3,2,1,1.9,4,2,1,1,1,4,1,1,1,1,1.7,3,60,40,129,12901,1,4,2,4,5,1,5,2,5,5 900,9 600,995.17,0,4,5,3,4,4.5,5,5,5,5,5,4,4,4,4,4,4,4,4,4,4,4,2,4,2,2,2,3,2.5,3,3,3,3,3,3,3,3,4,3,2,4,3.17,60,40,4,4,4,4,1,1,1,1,3,3,3,3,1,1,1,1,2,0,18,1,,0,0,0
No Eating,3,1,0,4,3,2,2,2.75,4,2,3,4,2,2,3,2,3,2.78,1,6,5,3,1.5,1,2,6,4,5,7,6,4,6,5,,,,,,,2,2,2,2,1,3,3,2,3,2,2.2,1,1,1,1,1,2,1,2,1,1,1.2,2,40,60,130,13001,1,2,4,2,3,3,5,3,5,2 600,6 000,761.27,1,7,7,1,7,7,7,7,7,7,7,7,7,7,6,6.75,7,7,7,6,7,6.8,5,5,5,5,4,5,4.83,4,4,4,4,4,4,5,5,5,4,5,5,4.83,50,50,5,5,4,4.67,1,1,1,1,1,3,3,2.33,1,1,2,1.33,1,0,23,2,,0,0,0
No Eating,3,0,0,4,3,4,3,3.5,3,4,4,4,2,2,2,3,4,3.11,3.5,3.5,5.5,2,2.5,5,6,5,2,4,6,5,2,6,3,,,,,,,4,3,4,4,3,3,4,4,3,4,3.6,4,2,2,2,2,2,2,2,2,2,2.2,2,40,60,132,13201,1,2,2,3,2,3,3,3,5,2 600,7 800,954.30,0,5,5,4,6,5,5,6,6,5,5.5,5,6,5,5,5.25,5,6,6,5,5,5.4,4,3,4,4,4,4,3.83,4,4,4,4,4,4,3,3,4,4,4,4,3.67,55,45,4,2,4,3.33,2,2,2,2,3,4,3,3.33,2,2,2,2,1,1,19,1,,0,0,0
No Eating,3,0,0,3,4,3,4,3.5,3,3,3,3,2,4,3,3,3,3,4.5,5,3.5,4,2.5,4,3,3,2,5,3,5,4,2,3,,,,,,,2,2,2,2,2,3,2,3,2,2,2.2,3,4,3,4,2,3,4,5,3,4,3.5,1,40,60,133,13301,1,2,1,2,3,4,3,4,5,4 500,7 800,954.35,0,4,3,3,3,3.75,5,4,5,4,4.5,5,4,4,4,4.25,3,4,3,4,4,3.6,3,3,3,3,3,3,3,3,3,3,4,3,3.2,4,3,4,3,3,4,3.5,45,55,3,2,2,2.33,2,1,1,1.33,2,2,2,2,3,3,3,3,2,0,21,1,,0,0,0
No Eating,3,0,0,5,3,4,4,4,4,2,3,3,2,2,2,2,3,2.56,4.5,4.5,5,5,2.5,4,4,5,5,4,3,5,3,3,3,,,,,,,2,2,2,2,2,2,2,1,1,1,1.7,1,1,1,1,2,1,1,3,2,2,1.5,1,50,50,134,13401,1,3,1,3,4,3,3,3,3,4 200,7 200,915.53,0,4,4,2,6,5,5,4,4,5,4.5,4,4,2,1,2.75,4,4,3,2,3,3.2,3,3,3,3,3,3,3,3,4,3,3,3,3.2,5,3,3,3,3,3,3.33,70,30,2,2,3,2.33,2,2,1,1.67,2,3,2,2.33,3,2,3,2.67,2,0,19,8,,0,0,0
No Eating,3,0,0,4,4,4,4,4,4,3,4,4,2,2,2,2,4,3,3.5,4.5,5.5,4,1.5,3,5,6,4,2,4,6,3,4,5,,,,,,,3,3,3,4,3,3,2,2,3,3,2.9,2,1,2,3,3,3,1,4,3,3,2.5,1,90,10,135,13501,1,2,1,2,1,1,2,1,5,-2 600,9 000,998.76,0,6,5,3,4,5,7,7,5,6,6.25,7,6,6,4,5.75,6,6,5,5,5,5.4,4,4,3,2,4,4,3.5,4,4,4,4,3,3.8,4,3,4,3,4,4,3.67,100,0,4,3,4,3.67,3,1,2,2,3,4,4,3.67,3,4,2,3,2,0,19,1,,0,0,0
No Eating,3,0,0,4,4,4,4,4,2,3,3,1,1,3,2,3,2,2.22,5.5,3.5,5,4,2.5,5,6,6,4,7,2,5,4,4,3,,,,,,,2,2,2,3,1,1,2,2,2,2,1.9,1,1,1,1,1,1,1,1,1,1,1,6,60,40,136,13601,1,1,1,4,1,1,4,3,5,3 600,12 000,999.95,0,4,4,2,3,4.25,4,3,3,4,3.5,3,4,3,4,3.5,4,4,4,3,4,3.8,3,3,3,4,3,3,3.17,3,2,3,2,3,2.6,3,3,4,3,4,3,3.33,60,40,3,3,4,3.33,1,1,1,1,3,3,2,2.67,1,1,1,1,1,0,21,8,,0,0,0
No Eating,3,1,0,4,4,4,4,4,2,2,2,2,2,2,2,3,5,2.44,4.5,5,3.5,2,1,4,2,1,2,3,3,4,2,6,6,,,,,,,5,3,2,2,3,3,3,2,2,3,2.8,2,1,1,2,3,3,1,2,3,3,2.1,2,50,50,137,13701,1,2,2,5,4,3,4,2,4,4 800,9 000,989.10,Already Excluded due to Protocol Violation and Prior Training (one or both in a dyad),5,5,1,5,5.5,6,6,5,6,5.75,5,6,6,7,6,4,6,4,4,6,4.8,4,4,4,4,4,4,4,4,4,4,4,3,3.8,4,4,5,4,4,4,4.17,70,30,3,4,4,3.67,1,1,1,1,3,4,4,3.67,4,3,2,3,1,0,22,1,,0,1,1
No Eating,3,1,0,3,4,2,3,3,3,3,3,2,4,4,2,3,2,2.89,4.5,5,5,4,2.5,4,3,4,4,5,3,5,2,4,3,,,,,,,1,2,2,2,2,3,2,1,3,3,2.1,1,1,1,1,1,1,1,1,2,1,1.1,2,70,30,138,13801,1,4,3,2,3,4,5,1,5,1 200,5 400,640.15,1,5,5,2,4,5,4,6,6,5,5.25,4,5,4,4,4.25,4,4,5,5,3,4.2,4,4,3,4,3,3,3.5,2,3,2,3,3,2.6,3,3,3,4,4,3,3.33,80,20,4,4,4,4,1,1,1,1,2,1,1,1.33,1,1,1,1,2,0,21,1,,0,0,0
No Eating,3,0,0,4,3,4,3,3.5,3,2,3,3,3,3,2,2,3,2.67,4.5,6.5,6.5,3.5,2.5,5,2,7,3,4,4,7,2,4,3,,,,,,,2,1,1,2,1,1,2,3,3,1,1.7,3,1,1,1,1,1,1,2,2,1,1.4,1,60,40,139,13901,1,3,1,4,4,3,3,3,5,5 800,9 000,988.98,0,4,4,3,3,4,2,4,3,2,2.75,4,4,4,4,4,5,5,5,4,4,4.6,3,4,3,4,3,3,3.33,3,3,3,3,3,3,3,3,3,4,3,3,3.17,40,60,3,3,3,3,1,1,1,1,1,1,3,1.67,1,1,1,1,2,0,21,9,african american/ white,0,0,0
No Eating,3,1,0,2,1,2,1,1.5,2,2,3,3,4,4,2,2,3,2.78,3,6,7,3,3,4,2,7,4,5,6,6,1,6,2,,,,,,,2,1,4,2,1,4,1,4,4,2,2.5,1,1,1,1,1,1,1,2,2,1,1.2,1,50,50,140,14001,1,2,2,4,2,3,3,2,5,2 100,8 400,976.82,Already Excluded due to Protocol Violation and Prior Training (one or both in a dyad),3,4,3,7,4.75,5,7,5,3,5,4,6,4,5,4.75,5,4,4,4,4,4.2,4,4,3,4,3,4,3.67,3,2,4,2,4,3,3,4,3,4,4,4,3.67,30,70,4,4,4,4,1,1,1,1,1,3,1,1.67,1,2,3,2,2,0,21,8,,0,1,1
No Eating,3,0,0,2,3,2,2,2.25,3,4,2,2,4,4,2,3,2,2.89,3,5,6,3,2.5,3,1,6,3,5,5,3,2,5,3,,,,,,,2,1,2,2,1,2,1,3,4,3,2.1,1,1,1,1,1,1,1,2,1,2,1.2,2,30,70,141,14101,1,1,2,4,3,2,3,3,4,3 300,9 000,988.99,0,4,5,2,5,5,4,5,4,5,4.5,4,4,3,4,3.75,4,5,5,4,4,4.4,4,3,3,3,3,3,3.17,3,2,3,1,2,2.2,3,4,4,4,3,3,3.5,60,40,4,4,3,3.67,1,1,1,1,1,1,1,1,1,1,1,1,1,0,19,8,,0,0,0
No Eating,3,0,0,3,4,2,2,2.75,3,2,4,3,3,2,3,3,3,2.89,4,4.5,3,2.5,2.5,4,2,3,2,4,4,3,5,5,3,,,,,,,2,1,1,1,1,1,1,1,2,2,1.3,1,1,1,1,1,1,1,1,1,1,1,1,40,60,142,14201,1,4,1,5,3,4,5,2,4,6 600,9 000,989.05,0,4,4,5,5,4,4,6,5,5,5,4,5,4,4,4.25,3,5,4,4,3,3.8,4,4,3,4,3,4,3.67,3,4,4,2,3,3.2,4,3,4,4,3,4,3.67,30,70,1,3,3,2.33,1,1,1,1,1,1,1,1,1,1,1,1,1,0,22,8,,0,0,0
No Eating,3,0,0,4,3,4,4,3.75,4,4,3,3,4,4,5,3,4,3.78,4,4.5,5,4.5,2,5,4,6,5,6,5,5,4,4,4,,,,,,,2,2,2,3,2,2,2,2,3,2,2.2,1,2,3,1,3,2,1,3,3,1,2,6,50,50,143,14301,1,3,1,3,3,4,3,3,5,4 400,7 800,954.40,0,5,4,3,4,4.5,5,4,5,5,4.75,5,5,5,4,4.75,5,6,5,5,6,5.4,3,3,3,3,3,3,3,3,3,3,3,3,3,3,3,3,4,3,3,3.17,50,50,3,3,3,3,1,1,2,1.33,3,2,3,2.67,1,2,3,2,2,0,20,1,,0,0,0
No Eating,3,0,0,4,2,3,4,3.25,2,3,4,2,4,3,2,3,2,2.78,4,5,4,2.5,1.5,3,4,4,3,3,3,6,4,6,5,,,,,,,2,2,3,2,3,2,2,3,3,3,2.5,2,1,1,1,1,1,1,2,2,2,1.4,1,40,60,144,14401,1,2,1,4,4,4,4,3,5,6 400,9 600,995.15,0,4,4,3,4,4.25,5,4,5,5,4.75,5,5,5,5,5,4,4,5,4,5,4.4,3,2,4,3,3,3,3,3,4,5,4,3,3.8,3,3,4,2,4,3,3.17,70,30,3,4,2,3,1,1,1,1,1,3,4,2.67,1,1,1,1,2,0,20,1,,0,0,0
No Eating,3,0,0,5,4,5,4,4.5,5,4,5,5,3,2,4,4,3,3.89,5.5,3.5,4,2,2.5,7,6,5,3,4,4,5,5,7,3,,,,,,,5,4,4,4,4,3,4,5,5,5,4.3,2,1,3,2,1,1,1,2,3,1,1.7,5,30,70,145,14501,1,1,1,4,5,1,4,2,5,4 500,12 000,999.95,0,5,4,3,5,4.75,3,4,6,4,4.25,5,5,6,5,5.25,4,5,3,3,4,3.8,4,4,4,4,4,3,3.83,3,2,3,2,3,2.6,3,4,4,5,3,4,3.83,20,80,4,4,5,4.33,2,1,2,1.67,3,3,4,3.33,1,3,4,2.67,1,0,19,2,,0,0,0
No Eating,3,0,0,3,4,3,4,3.5,4,5,4,4,4,3,4,3,4,3.89,5.5,3.5,5.5,3.5,3,5,5,5,3,6,2,4,2,4,2,,,,,,,4,3,3,4,4,3,4,2,3,4,3.4,3,3,4,4,2,3,4,4,2,3,3.2,1,64,36,146,14601,1,3,1,3,4,2,2,2,2,1 400,6 600,853.39,0,5,5,2,4,5,4,5,5,5,4.75,4,6,5,6,5.25,4,6,5,4,5,4.8,4,4,4,4,4,4,4,3,4,4,4,3,3.6,3,3,4,5,5,3,3.83,55,45,3,3,3,3,1,1,1,1,4,4,3,3.67,3,4,1,2.67,1,0,20,1,,0,0,0
No Eating,3,0,0,3,3,3,2,2.75,2,3,3,2,2,2,3,3,2,2.44,4,4.5,3.5,3,3,4,4,4,3,5,4,5,5,5,2,,,,,,,3,2,2,2,2,2,3,2,2,2,2.2,2,2,4,4,2,2,3,4,2,4,2.9,1,30,70,147,14701,1,3,1,3,3,2,4,2,5,3 300,9 600,995.13,0,6,5,3,4,5,5,4,3,4,4,4,4,5,5,4.5,5,4,6,5,4,4.8,3,3,3,4,4,3,3.33,3,3,3,4,5,3.6,3,4,3,3,3,3,3.17,90,10,4,3,4,3.67,1,1,1,1,4,4,4,4,4,1,1,2,1,0,22,1,,0,0,0
No Eating,3,0,0,4,3,4,3,3.5,3,3,3,2,2,2,2,2,3,2.44,3,4,5.5,4,3,3,4,5,3,5,5,4,2,3,2,,,,,,,2,2,2,1,1,3,1,2,3,2,1.9,2,1,1,1,1,1,1,3,2,2,1.5,1,40,60,148,14801,1,2,2,2,2,2,3,3,5,1 400,7 800,955.01,0,4,2,4,2,3,5,3,3,5,4,4,3,3,3,3.25,3,4,5,3,3,3.6,3,4,2,3,3,3,3,2,3,3,3,3,2.8,3,2,4,3,3,3,3,40,60,2,3,2,2.33,2,1,1,1.33,2,2,1,1.67,3,2,2,2.33,1,1,20,1,,0,0,0
No Eating,3,0,0,4,2,4,3,3.25,3,4,4,3,4,4,3,3,4,3.56,4.5,5.5,4,3,2.5,5,2,4,2,6,4,5,4,4,3,,,,,,,2,2,1,2,1,2,2,2,2,2,1.8,1,1,1,1,1,1,1,2,1,1,1.1,4,65,35,149,14901,1,2,2,4,3,3,3,2,5,2 700,8 400,976.73,0,3,4,4,4,3.75,3,4,3,3,3.25,4,3,3,3,3.25,4,4,4,3,5,4,4,4,3,4,4,3,3.67,4,4,4,3,4,3.8,4,4,3,4,4,4,3.83,45,55,3,3,2,2.67,3,1,1,1.67,1,3,1,1.67,2,2,1,1.67,2,0,19,1,,0,0,0
No Eating,3,0,0,5,4,4,4,4.25,1,2,2,1,2,2,2,3,1,1.78,3,4,7,3,2,3,2,7,1,7,5,2,1,3,4,,,,,,,3,2,3,3,1,3,2,4,4,3,2.8,1,1,1,1,1,1,1,1,1,1,1,2,20,80,150,15001,1,4,1,5,3,4,5,4,5,9 900,9 600,997.55,0,7,4,1,4,5.5,6,5,5,1,4.25,5,6,5,6,5.5,4,7,5,5,4,5,3,4,4,5,2,3,3.5,4,2,3,1,2,2.4,3,3,3,3,3,2,2.83,30,70,4,3,4,3.67,1,1,2,1.33,2,3,3,2.67,1,1,5,2.33,2,0,19,2,,0,0,0
Separate Eating,2,0,0,3,3,3,3,3,3,3,4,3,4,1,3,2,3,2.89,3.5,5,5,4,2,4,2,6,4,4,5,4,4,4,4,2,2,1,3,3,1.5,2,2,2,2,2,2,1,2,1,1,1.7,1,1,1,1,1,1,1,1,1,1,1,1,10,90,201,20101,1,3,1,3,4,1,4,4,5,6 700,10 200,998.05,0,3,4,3,4,4,4,4,4,5,4.25,5,4,4,5,4.5,4,5,4,4,3,4,3,3,3,3,3,4,3.17,3,3,4,2,3,3,3,4,4,4,4,3,3.67,45,55,4,3,3,3.33,2,1,1,1.33,3,3,3,3,2,1,1,1.33,1,0,20,1,,0,0,0
Separate Eating,2,0,0,4,3,3,3,3.25,3,3,4,3,3,3,3,4,3,3.22,4,4,3.5,3.5,1.5,5,5,2,4,4,5,5,3,5,5,4,5,4,4,5,5.4,4,4,3,4,5,4,3,4,5,4,4,3,1,3,3,3,3,3,3,3,4,2.9,2,50,50,202,20201,1,3,1,4,2,2,3,2,5,2 900,9 600,995.12,0,4,6,4,6,5,4,5,6,3,4.5,5,6,5,6,5.5,5,6,5,5,5,5.2,4,3,4,4,4,4,3.83,4,4,3,3,4,3.6,4,3,4,4,4,3,3.67,30,70,4,4,3,3.67,3,2,2,2.33,3,3,4,3.33,2,2,2,2,2,0,19,1,,0,0,0
Separate Eating,2,0,0,4,4,4,3,3.75,2,2,2,2,2,2,3,1,3,2.11,1,2.5,6,1,2.5,1,6,6,1,5,7,3,2,7,3,4,2,3,4,6,4.5,4,5,3,4,1,4,3,4,4,4,3.6,1,1,1,1,1,1,1,2,2,1,1.2,1,30,70,203,20301,1,2,1,5,5,1,3,3,5,6 600,11 400,999.81,0,4,7,2,7,6,7,7,5,5,6,6,6,6,6,6,5,6,7,2,1,4.2,3,2,3,3,3,4,3,2,3,5,2,3,3,4,4,4,4,3,3,3.67,75,25,5,4,4,4.33,1,1,1,1,2,4,4,3.33,1,1,1,1,1,1,20,1,,0,0,0
Separate Eating,2,0,0,4,5,4,4,4.25,3,1,3,3,3,3,2,2,3,2.56,3.5,6.5,5.5,1.5,3.5,6,2,6,2,6,7,7,3,7,1,4,3,4,4,2,5.1,4,4,3,4,3,4,2,3,4,4,3.5,2,1,2,4,3,2,2,4,4,4,2.8,4,30,70,204,20401,1,4,1,5,4,2,4,2,5,6 300,10 200,998.08,0,5,5,3,3,4.5,5,4,5,5,4.75,3,5,5,6,4.75,5,5,5,5,5,5,3,3,3,3,3,3,3,3,4,4,4,3,3.6,4,4,3,4,4,4,3.83,30,70,2,3,3,2.67,1,1,1,1,1,3,3,2.33,2,2,1,1.67,2,0,19,1,,0,0,0
Separate Eating,2,0,0,4,3,4,3,3.5,3,2,3,4,3,2,3,3,4,3,4,4,5,5.5,3,5,4,7,7,7,5,4,5,4,2,3,2,2,4,6,3,3,3,2,3,2,3,2,4,3,3,2.8,4,1,1,1,1,3,1,3,2,2,1.9,2,5,95,205,20501,1,4,1,4,4,1,4,3,5,6 600,10 200,998.06,0,4,6,3,7,5.5,4,5,4,4,4.25,5,4,4,5,4.5,4,7,5,4,7,5.4,5,4,3,4,2,4,3.67,2,3,2,2,2,2.2,4,3,3,5,5,4,4,10,90,2,2,2,2,1,1,1,1,2,1,2,1.67,2,1,2,1.67,2,0,19,8,,0,0,0
Separate Eating,2,1,1,Missing,Missing,Missing,Missing,,Missing,Missing,Missing,Missing,Missing,Missing,Missing,Missing,Missing,,,,,,,Missing,Missing,Missing,Missing,Missing,Missing,Missing,Missing,Missing,Missing,Missing,Missing,Missing,Missing,Missing,Missing,Missing,Missing,Missing,Missing,Missing,Missing,Missing,Missing,Missing,Missing,,Missing,Missing,Missing,Missing,Missing,Missing,Missing,Missing,Missing,Missing,,Missing,Missing,Missing,206,20601,1,1,1,2,3,2,2,2,4,-400,8 400,982.77,Already Excluded due to Protocol Violation and Prior Training (one or both in a dyad),3,6,3,5,4.75,5,6,3,5,4.75,5,5,3,3,4,3,5,3,5,3,3.8,5,3,2,4,5,4,3.83,2,2,4,4,4,3.2,2,3,3,2,4,3,2.83,75,25,5,2,3,3.33,3,2,2,2.33,3,2,5,3.33,4,3,3,3.33,1,0,23,1,,0,0,1
Separate Eating,2,0,0,5,5,5,3,4.5,1,1,1,1,1,5,5,1,1,1.89,7,7,7,7,3.5,7,1,7,7,7,1,7,1,1,1,1,1,1,1,7,10,5,5,5,5,5,5,5,5,5,5,5,1,1,1,3,1,1,1,3,1,4,1.7,7,100,0,207,20701,1,1,1,3,1,3,3,3,3,1 600,8 400,977.34,0,3,3,7,4,2.75,7,3,3,4,4.25,4,2,4,3,3.25,4,7,7,7,7,6.4,5,4,4,4,5,4,4.33,4,5,4,4,4,4.2,5,5,4,4,5,4,4.5,50,50,1,1,1,1,5,1,3,3,1,2,2,1.67,5,3,3,3.67,1,0,25,1,,0,0,0
Separate Eating,2,0,0,3,4,3,4,3.5,3,4,3,2,3,4,3,5,4,3.44,4.5,4.5,3,5.5,1.5,5,3,3,6,4,4,4,5,3,5,1,3,1,4,6,0.1,2,2,2,3,1,3,2,2,3,2,2.2,3,1,2,2,2,1,1,4,2,2,2,2,55,45,208,20801,1,1,3,4,5,1,3,3,5,4 000,9 000,989.07,0,5,5,2,1,4.25,6,4,4,5,4.75,4,5,5,5,4.75,4,5,3,4,4,4,4,4,4,4,3,4,3.83,2,3,4,3,3,3,4,2,3,4,3,3,3.17,52,48,2,3,4,3,3,1,1,1.67,3,4,4,3.67,2,2,1,1.67,2,0,21,1,,0,0,0
Separate Eating,2,0,0,2,4,3,3,3,2,2,2,2,3,2,3,2,3,2.33,4.5,5,4,3.5,3,4,4,4,3,5,3,6,4,4,2,1,4,1,2,4,6,3,3,3,3,1,1,2,3,3,3,2.5,3,1,1,3,1,1,1,4,2,4,2.1,2,60,40,209,20901,1,1,1,3,3,2,3,3,5,3 200,10 200,998.06,0,4,4,5,4,3.75,5,4,4,5,4.5,4,5,3,5,4.25,4,6,5,4,6,5,3,3,4,3,3,3,3.17,3,3,4,4,3,3.4,4,3,4,3,4,3,3.5,40,60,3,2,3,2.67,3,1,2,2,2,2,2,2,4,3,4,3.67,2,0,18,1,,0,0,0
Separate Eating,2,0,0,4,4,4,3,3.75,3,3,3,4,2,3,3,2,3,2.89,6,6,4,5.5,3,6,1,3,6,5,2,5,3,3,2,1,1,1,1,1,0.5,2,1,3,3,1,3,2,2,2,3,2.2,1,2,1,1,3,2,2,2,2,1,1.7,7,50,50,210,21001,1,4,1,2,1,3,1,1,1,-3 400,3 600,215.12,0,5,6,3,2,4.5,5,4,4,3,4,4,4,5,5,4.5,4,6,5,6,4,5,4,4,4,4,3,5,4,3,4,4,4,3,3.6,4,4,3,4,4,3,3.67,50,50,3,2,3,2.67,3,3,4,3.33,2,3,3,2.67,3,2,2,2.33,1,0,18,8,,0,0,0
Separate Eating,2,0,0,3,3,2,3,2.75,4,4,4,5,5,2,2,2,5,3.67,2,6.5,4.5,1,3.5,3,1,4,1,4,7,6,3,7,1,3,4,3,6,1,10,5,5,4,5,3,4,4,5,5,5,4.5,1,1,2,1,1,1,1,1,1,1,1.1,2,50,50,211,21101,1,2,1,5,4,4,4,5,5,10 400,10 200,999.37,0,5,5,2,5,5.25,5,4,6,5,5,5,6,5,6,5.5,5,6,5,5,5,5.2,3,3,3,3,3,3,3,2,2,3,2,3,2.4,3,3,4,4,4,4,3.67,50,50,3,5,2,3.33,1,1,1,1,4,3,4,3.67,2,1,1,1.33,1,0,21,1,,0,0,0
Separate Eating,2,0,0,4,2,4,4,3.5,1,2,3,2,4,4,2,3,2,2.56,3.5,4.5,6,4,2,3,4,6,4,5,4,5,2,4,4,2,1,1,4,1,3,2,1,1,2,1,3,1,2,4,2,1.9,1,1,1,1,1,1,1,1,1,1,1,1,50,50,212,21201,1,2,2,3,2,3,5,3,3,3 600,7 800,954.44,0,2,3,4,2,2.75,1,2,2,2,1.75,2,2,2,1,1.75,3,2,2,2,2,2.2,1,2,2,2,3,2,2,2,2,3,2,2,2.2,2,2,2,2,3,4,2.5,20,80,1,2,1,1.33,1,2,2,1.67,1,1,1,1,2,2,3,2.33,2,0,23,8,,0,0,0
Separate Eating,2,0,0,1,2,1,2,1.5,4,4,4,2,4,2,4,4,3,3.44,5.5,5.5,5,4.5,2,5,4,4,5,3,2,7,2,4,4,2,2,1,4,3,2,2,1,2,1,1,4,1,3,4,2,2.1,1,1,1,2,1,1,1,4,3,2,1.7,1,20,80,213,21301,1,3,1,4,5,4,4,4,5,8 900,9 000,991.75,0,7,6,2,7,6.5,7,3,6,7,5.75,7,7,7,7,7,7,7,7,4,7,6.4,2,2,2,2,2,2,2,5,5,5,5,5,5,5,3,5,5,5,3,4.33,90,10,3,4,4,3.67,1,1,1,1,3,4,4,3.67,1,1,1,1,2,0,21,8,,0,0,0
Separate Eating,2,0,0,5,4,4,4,4.25,4,2,4,3,2,4,3,4,3,3.22,2,4.5,5.5,2,1,2,2,6,3,5,6,3,3,7,6,2,4,2,3,4,1.5,4,3,2,3,1,4,2,4,4,2,2.9,1,1,1,1,2,2,1,2,3,1,1.5,2,35,65,214,21401,1,4,2,3,2,2,4,3,4,3 700,7 200,915.49,0,6,6,3,4,5.25,5,5,6,6,5.5,5,5,6,5,5.25,2,4,5,3,6,4,2,2,2,1,2,1,1.67,3,3,4,3,3,3.2,3,4,2,4,3,3,3.17,45,55,2,3,4,3,2,1,1,1.33,2,3,3,2.67,2,2,2,2,1,0,19,1,,0,0,0
Separate Eating,2,0,0,5,2,5,2,3.5,5,5,5,5,4,5,3,5,5,4.67,5,6,5.5,4,1.5,5,3,5,3,2,3,7,2,3,5,3,1,3,2,1,10,2,1,1,1,1,2,1,1,4,2,1.6,2,1,1,3,1,2,2,5,4,4,2.5,1,35,65,215,21501,1,3,1,2,2,4,1,4,3,2 100,4 800,500.00,0,5,4,3,2,4,4,1,2,1,2,3,4,3,1,2.75,4,5,5,3,5,4.4,2,3,3,2,2,2,2.33,2,2,3,2,2,2.2,2,2,2,2,4,3,2.5,50,50,3,2,2,2.33,2,3,2,2.33,3,2,3,2.67,2,4,2,2.67,2,0,19,1,,0,0,0
Separate Eating,2,0,0,4,2,4,4,3.5,3,3,2,2,3,1,4,4,4,2.89,4.5,4.5,6,2,2.5,4,4,5,1,6,3,5,1,5,3,3,4,2,5,3,10,3,2,3,3,4,2,4,3,2,4,3,2,1,1,1,2,1,2,2,2,1,1.5,2,50,50,216,21601,1,3,1,4,2,2,2,3,5,3 600,9 000,989.04,0,5,5,3,5,5,5,5,5,6,5.25,5,5,5,5,5,5,5,5,6,6,5.4,4,4,4,4,4,4,4,4,4,4,4,4,4,4,3,4,4,4,4,3.83,50,50,4,4,3,3.67,1,1,1,1,3,4,4,3.67,2,1,2,1.67,2,0,21,1,,0,0,0
Separate Eating,2,1,0,4,3,4,4,3.75,3,4,4,3,3,3,2,2,3,3,4,4,4,4,2,4,4,4,4,4,4,4,4,4,4,2,6,2,4,6,0.5,3,3,3,3,3,3,3,3,3,3,3,3,3,3,3,3,3,3,3,3,3,3,1,50,50,217,21701,1,3,1,4,2,3,3,2,5,3 100,9 000,988.93,Already Excluded due to Protocol Violation and Prior Training (one or both in a dyad),5,6,4,4,4.75,4,6,4,4,4.5,4,4,6,6,5,4,6,5,4,4,4.6,4,4,4,4,4,4,4,3,3,3,3,3,3,4,4,4,4,4,4,4,50,50,4,4,4,4,3,1,1,1.67,4,4,4,4,1,1,1,1,2,1,19,1,,0,1,1
Separate Eating,2,0,0,4,2,4,4,3.5,2,2,4,3,4,2,4,3,3,3,4,5.5,5.5,3.5,2,6,3,5,4,6,6,6,2,5,4,2,3,2,1,2,1.5,3,2,3,3,3,2,3,2,3,3,2.7,2,2,1,1,2,1,1,2,2,3,1.7,1,40,60,218,21801,1,4,2,3,3,4,2,2,5,1 900,5 400,640.05,0,4,4,2,5,4.75,5,5,4,4,4.5,5,5,5,4,4.75,5,4,4,4,4,4.2,3,4,3,3,3,3,3.17,4,3,4,3,4,3.6,3,4,4,3,3,3,3.33,60,40,3,3,3,3,2,1,2,1.67,3,3,3,3,2,2,2,2,2,0,22,1,,0,0,0
Separate Eating,2,0,0,2,4,4,4,3.5,2,3,4,2,1,4,3,2,4,2.78,2.5,4,5.5,2.5,2,3,3,7,3,2,6,3,4,6,4,1,2,1,1,2,2.5,4,3,3,3,3,2,3,3,3,2,2.9,3,4,1,1,2,3,2,2,3,2,2.3,4,40,60,219,21902,1,1,1,1,5,1,3,3,5,2 200,9 600,995.29,0,5,5,5,3,4,5,4,5,5,4.75,4,5,5,4,4.5,4,4,4,4,4,4,4,3,3,2,3,3,3,2,4,4,2,3,3,2,4,3,3,3,4,3.17,60,40,2,4,4,3.33,2,1,1,1.33,2,3,3,2.67,3,1,1,1.67,2,0,20,1,,0,0,0
Separate Eating,2,0,0,4,4,3,3,3.5,2,4,4,1,1,1,2,2,3,2.22,5,4,4.5,3.5,3,5,4,4,3,4,3,4,3,4,2,2,4,2,2,3,10,2,2,2,3,1,1,2,1,2,2,1.8,1,1,1,1,2,1,1,2,1,1,1.2,1,50,50,220,22001,1,3,1,3,1,3,2,5,2,4 300,6 000,761.10,0,4,4,3,4,4.25,4,4,3,3,3.5,3,3,4,3,3.25,3,4,2,4,4,3.4,2,3,3,4,4,4,3.33,2,2,2,2,3,2.2,2,3,3,2,2,3,2.5,50,50,3,3,3,3,1,1,1,1,1,2,2,1.67,1,1,1,1,1,0,20,1,,0,0,0
Separate Eating,2,0,0,2,2,3,2,2.25,4,3,3,3,3,4,3,3,3,3.22,3,6,4,2.5,2.5,3,1,6,4,6,5,5,6,7,3,4,2,4,5,3,2.3,1,1,1,1,1,1,1,1,1,1,1,1,1,1,1,1,1,1,2,1,1,1.1,1,65,35,221,22101,1,3,3,2,4,2,3,1,5,-600,6 000,767.11,0,3,3,4,4,3.5,4,4,2,3,3.25,5,4,4,2,3.75,5,5,5,2,4,4.2,5,5,5,3,2,2,3.67,1,2,4,1,2,2,5,3,3,2,4,2,3.17,20,80,4,2,5,3.67,1,2,1,1.33,3,2,1,2,4,3,2,3,1,0,19,8,,0,0,0
Separate Eating,2,0,0,3,2,3,3,2.75,2,2,2,2,2,3,3,2,2,2.22,4,5,5,3,2.5,4,3,5,3,4,4,5,3,5,3,4,2,3,3,5,0.5,3,2,3,2,1,3,1,2,3,3,2.3,1,1,1,1,1,1,1,1,2,1,1.1,2,0,100,222,22201,1,4,3,3,4,2,2,3,4,2 700,4 800,500.00,0,4,4,4,4,4,5,5,4,4,4.5,5,5,4,5,4.75,4,4,5,5,3,4.2,3,4,3,3,3,3,3.17,3,2,3,2,4,2.8,3,3,4,3,4,3,3.33,40,60,2,4,3,3,2,1,1,1.33,2,1,4,2.33,2,2,1,1.67,1,0,19,8,,0,0,0
Separate Eating,2,0,0,3,4,2,2,2.75,3,3,3,2,4,4,4,2,4,3.22,5,4.5,4,4,3,6,5,5,6,4,4,6,5,6,2,4,2,2,2,3,1,1,1,2,1,1,2,1,3,2,2,1.6,1,1,1,1,1,2,1,1,1,1,1.1,2,40,60,223,22301,1,5,1,3,2,4,2,3,4,3 500,5 400,640.05,0,2,2,2,4,3.5,4,7,3,3,4.25,4,3,4,3,3.5,4,5,4,4,4,4.2,3,4,3,4,2,4,3.33,2,4,3,2,3,2.8,4,4,3,4,4,4,3.83,30,70,3,4,4,3.67,3,1,1,1.67,2,2,2,2,2,2,3,2.33,1,0,18,8,,0,0,0
Separate Eating,2,0,0,4,5,4,5,4.5,2,2,4,2,2,3,5,2,2,2.67,3.5,5,5.5,1,1.5,3,5,5,1,7,4,7,2,7,5,4,1,4,5,4,2.3,5,4,4,4,3,3,3,5,5,4,4,1,1,1,1,1,1,1,1,2,1,1.1,2,30,70,224,22401,1,1,3,5,3,2,2,3,3,2 600,7 200,915.48,0,5,4,1,4,5,4,5,5,4,4.5,5,5,2,6,4.5,4,5,5,3,3,4,2,3,2,2,3,4,2.67,3,4,3,2,2,2.8,3,4,2,4,5,4,3.67,30,70,3,4,3,3.33,1,1,1,1,4,3,4,3.67,3,1,2,2,1,0,19,1,,0,0,0
Separate Eating,2,0,0,4,4,3,4,3.75,3,2,3,3,2,2,2,3,3,2.56,4,5,4.5,4.5,2,5,4,5,5,5,5,6,4,4,4,5,2,4,4,4,1.5,4,4,2,3,1,2,3,2,2,3,2.6,1,1,1,1,2,2,1,2,1,2,1.4,1,60,40,225,22501,1,3,1,2,3,2,2,4,4,3 400,7 200,915.55,0,5,6,4,5,5,6,5,4,5,5,5,6,5,5,5.25,5,5,5,5,6,5.2,4,4,4,4,4,4,4,3,5,3,4,4,3.8,3,4,2,4,3,3,3.17,50,50,2,2,3,2.33,3,1,2,2,3,2,1,2,3,1,2,2,2,0,23,1,,0,0,0
Separate Eating,2,0,0,5,4,4,5,4.5,3,3,3,3,3,3,4,5,4,3.44,5,5.5,5.5,2.5,2,6,4,5,4,6,4,7,2,7,4,4,1,4,6,6,10,3,3,3,3,3,3,3,3,4,3,3.1,1,1,3,3,1,1,1,3,1,1,1.6,1,50,50,226,22601,1,3,1,5,1,4,1,2,5,2 100,7 800,954.30,0,2,5,4,4,3.75,4,3,4,4,3.75,5,5,6,5,5.25,4,4,2,5,1,3.2,3,3,2,3,3,3,2.83,2,3,5,3,2,3,3,4,3,3,4,3,3.33,50,50,3,4,4,3.67,1,1,1,1,4,4,4,4,2,3,2,2.33,1,1,19,1,,0,0,0
Separate Eating,2,0,0,4,4,3,4,3.75,4,2,5,2,5,5,4,5,4,4,3,3,3.5,4,2,3,5,4,4,2,5,3,5,4,4,1,4,2,2,7,0.6,3,3,2,4,1,3,2,3,3,3,2.7,2,3,4,2,2,2,3,4,2,2,2.6,1,50,50,227,22701,1,3,1,3,2,4,4,4,5,6 100,8 400,976.78,0,6,6,5,3,4.5,6,6,6,6,6,6,5,6,6,5.75,5,6,6,6,5,5.6,3,4,4,4,4,4,3.83,3,3,3,4,4,3.4,3,2,4,3,4,4,3.33,70,30,3,3,3,3,2,3,2,2.33,2,4,4,3.33,3,3,3,3,2,0,18,1,,0,0,0
Separate Eating,2,0,0,3,2,2,3,2.5,4,3,4,4,2,2,4,3,4,3.33,3.5,5,4,5.5,3,3,3,3,6,5,4,5,3,3,2,5,4,4,6,4,10,4,4,3,3,2,2,4,3,3,2,3,4,3,2,4,2,2,2,4,3,4,3,2,25,75,228,22801,1,1,2,5,3,1,5,4,5,7 500,12 000,999.95,0,6,4,2,5,5.25,6,4,5,5,5,4,5,5,5,4.75,4,4,3,4,3,3.6,3,3,2,2,3,3,2.67,2,2,3,2,3,2.4,2,2,2,4,3,3,2.67,80,20,2,2,2,2,2,1,1,1.33,3,3,2,2.67,4,3,3,3.33,1,0,21,8,,0,0,0
Separate Eating,2,0,0,3,2,3,2,2.5,4,5,3,4,4,4,5,3,3,3.89,4,4,6,4.5,2,4,6,6,5,5,4,6,2,4,4,4,3,3,3,5,1,2,2,3,2,2,3,2,3,2,2,2.3,2,3,2,2,3,2,2,2,2,1,2.1,3,80,20,229,22901,1,5,1,5,5,5,5,5,5,13 200,8 400,1000.00,0,4,4,3,4,4.25,5,3,2,3,3.25,4,4,4,4,4,4,5,3,3,4,3.8,4,4,3,3,4,4,3.67,4,3,3,4,4,3.6,3,3,4,4,3,3,3.33,80,20,3,4,4,3.67,3,3,2,2.67,3,2,3,2.67,4,2,2,2.67,2,0,20,1,,0,0,0
Separate Eating,2,0,0,3,3,3,3,3,2,3,3,4,3,2,3,3,2,2.78,4,4,4,5,2.5,3,4,4,5,4,3,4,4,3,3,2,3,2,2,2,10,4,4,3,3,3,4,3,3,3,3,3.3,3,4,3,3,3,3,4,3,4,3,3.3,1,50,50,230,23001,1,1,3,3,5,3,3,2,5,1 900,7 200,915.43,0,4,4,4,4,4,5,4,5,5,4.75,4,4,4,3,3.75,5,4,5,4,4,4.4,3,3,3,3,4,3,3.17,4,3,3,3,4,3.4,2,3,3,3,3,3,2.83,50,50,4,3,3,3.33,3,3,3,3,3,3,4,3.33,3,3,3,3,1,0,20,1,,0,0,0
Separate Eating,2,0,0,3,2,3,3,2.75,2,2,3,2,2,3,2,1,3,2.22,3,4.5,5,3,2.5,2,2,4,3,3,4,3,2,5,3,2,1,2,2,5,1,2,2,2,2,2,2,2,2,2,2,2,3,3,2,3,2,2,2,3,2,3,2.5,1,50,50,231,23101,1,3,2,2,2,2,2,2,4,-800,6 000,768.55,0,4,4,2,4,4.5,4,4,4,5,4.25,5,4,4,5,4.5,3,5,5,4,4,4.2,3,3,3,3,3,3,3,3,3,3,3,3,3,3,3,3,3,3,3,3,80,20,1,2,4,2.33,1,1,1,1,2,4,3,3,2,1,1,1.33,2,0,19,1,,0,0,0
Separate Eating,2,0,0,4,4,3,3,3.5,2,2,3,3,3,2,3,3,2,2.56,4.5,5,5,2.5,2,4,4,5,3,5,3,6,3,6,4,5,2,4,4,2,3.5,2,1,3,2,1,2,1,3,3,2,2,1,1,1,1,1,1,1,1,1,1,1,2,60,40,232,23201,1,2,2,3,4,2,3,4,5,5 100,8 400,976.81,0,6,5,3,4,5,5,5,6,5,5.25,5,4,5,4,4.5,5,4,4,4,4,4.2,3,3,3,4,3,3,3.17,3,3,3,3,3,3,3,4,3,3,3,4,3.33,70,30,4,3,3,3.33,1,1,1,1,1,3,3,2.33,1,2,1,1.33,1,1,19,8,,0,0,0
Separate Eating,2,0,0,3,3,3,3,3,3,4,4,4,2,2,4,3,2,3.11,5,4.5,5,4,2,7,5,5,3,7,5,6,3,3,4,1,1,1,5,4,1.9,4,4,4,4,1,2,3,3,4,2,3.1,1,1,1,1,2,1,1,4,4,1,1.7,1,70,30,233,23301,1,5,1,2,1,5,3,2,5,1 700,5 400,640.06,0,4,4,4,4,4,4,4,4,4,4,4,4,4,4,4,4,4,4,4,4,4,3,3,3,3,3,3,3,3,3,3,3,3,3,3,3,3,3,3,3,3,30,70,3,3,3,3,3,3,3,3,3,3,3,3,3,3,3,3,2,0,19,1,,0,0,0
Separate Eating,2,0,0,4,3,4,3,3.5,2,4,2,2,2,2,3,3,2,2.44,3.5,4.5,3,1.5,2,3,5,2,1,5,4,6,4,6,4,4,3,5,4,1,3,3,3,3,3,3,3,3,3,3,3,3,3,3,3,3,3,3,3,3,3,3,3,1,50,50,234,23401,1,3,1,5,3,1,5,2,5,5 900,12 000,999.96,0,4,4,4,4,4,4,6,4,4,4.5,4,4,3,4,3.75,4,5,7,4,4,4.8,3,3,3,3,3,3,3,3,3,3,3,3,3,3,3,3,3,3,3,3,50,50,3,2,2,2.33,3,3,2,2.67,3,2,2,2.33,2,4,3,3,2,0,22,1,,0,0,0
Shared Eating,1,0,0,3,2,2,2,2.25,2,2,4,2,4,3,3,2,2,2.67,2.5,5,6,3.5,2.5,3,3,5,3,6,6,5,1,4,3,3,1,2,5,2,3,3,3,1,1,1,3,2,2,2,2,2,1,1,1,1,1,1,1,3,2,1,1.3,4,60,40,19,1902,2,3,2,3,4,3,3,4,5,1 500,7 200,915.68,0,4,4,2,4,4.5,6,4,6,6,5.5,4,4,4,4,4,5,5,5,4,3,4.4,4,4,3,3,3,4,3.5,3,3,3,3,3,3,3,3,4,4,3,4,3.5,75,25,2,2,3,2.33,1,1,1,1,2,3,2,2.33,1,3,3,2.33,2,0,22,8,,0,0,0
Shared Eating,1,0,0,4,4,3,4,3.75,2,1,3,2,1,3,2,1,2,1.89,5,5.5,3.5,3,1.5,4,2,2,2,5,2,5,3,4,5,3,4,4,2,2,10,1,1,3,2,3,2,Missing,2,1,2,1.89,2,1,2,1,1,1,1,2,2,1,1.4,2,50,50,20,2002,2,3,2,3,2,4,4,3,5,3 200,7 200,915.54,0,5,6,4,5,5,5,4,6,5,5,4,6,5,5,5,4,6,6,4,4,4.8,4,3,4,4,4,4,3.83,3,4,3,3,4,3.4,3,3,4,4,4,4,3.67,50,50,2,1,3,2,4,1,1,2,2,4,2,2.67,1,2,1,1.33,1,0,20,1,,0,0,0
Shared Eating,1,0,0,4,4,4,4,4,4,1,4,4,2,2,3,3,4,3,2.5,5.5,6,3,2.5,3,3,6,3,4,6,6,2,5,3,6,2,5,6,6,1,2,1,1,1,1,1,1,1,1,1,1.1,1,1,1,1,1,1,1,1,1,1,1,1,50,50,21,2102,2,2,2,4,3,3,4,3,5,4 000,9 000,989.07,0,5,4,3,5,4.75,5,4,4,4,4.25,6,5,5,4,5,5,4,5,4,3,4.2,4,3,2,3,3,3,3,3,4,4,3,2,3.2,3,4,4,4,3,4,3.67,35,65,4,4,4,4,1,1,1,1,1,3,2,2,1,1,1,1,1,1,18,1,,0,0,0
Shared Eating,1,0,0,4,3,4,2,3.25,4,3,5,5,3,2,2,3,3,3.33,2.5,4,6,4,3,4,5,6,4,6,7,5,2,4,2,1,1,1,1,1,1,4,2,2,1,3,3,1,1,3,2,2.2,1,1,1,1,1,1,1,2,1,1,1.1,1,50,50,22,2202,2,1,1,5,2,2,3,3,5,6 800,11 400,999.80,0,5,5,4,5,4.75,7,5,5,7,6,6,6,7,5,6,6,6,7,4,2,5,4,4,4,4,3,4,3.83,3,3,3,3,3,3,4,4,3,4,4,5,4,70,30,1,3,3,2.33,1,1,1,1,2,3,1,2,4,1,1,2,1,0,21,8,,0,0,0
Shared Eating,1,0,0,3,4,4,4,3.75,1,1,1,1,1,1,3,5,4,2,4,4.5,5,2.5,2.5,5,4,5,2,6,5,5,3,5,3,4,1,3,4,6,0.6,4,3,3,2,1,3,1,3,3,2,2.5,1,1,1,1,1,1,1,2,1,1,1.1,1,30,70,23,2302,2,5,1,5,2,2,5,2,5,3 900,10 200,998.08,0,6,6,2,4,5.5,7,5,5,5,5.5,4,5,4,4,4.25,4,7,7,6,4,5.6,4,3,3,5,4,4,3.83,2,3,3,3,3,2.8,3,3,4,4,4,4,3.67,50,50,3,3,4,3.33,3,1,1,1.67,4,4,3,3.67,3,3,1,2.33,1,0,24,1,,0,0,0
Shared Eating,1,0,0,4,3,2,2,2.75,3,2,3,3,3,2,2,2,3,2.56,2.5,5,6,1,1.5,3,3,7,1,6,6,5,3,7,5,2,4,3,5,3,3,3,1,1,4,1,4,1,2,3,1,2.1,4,4,1,3,1,2,1,4,4,3,2.7,1,55,45,24,2402,2,3,1,2,2,3,1,3,5,5 600,6 600,853.92,0,4,3,4,1,3,3,3,4,2,3,4,1,1,1,1.75,3,4,4,1,4,3.2,3,3,3,3,3,3,3,3,2,3,3,3,2.8,3,3,2,3,3,3,2.83,40,60,1,2,1,1.33,2,1,1,1.33,1,1,1,1,2,1,2,1.67,2,0,23,4,,0,0,0
Shared Eating,1,0,0,3,5,4,4,4,3,2,4,3,4,2,2,3,2,2.78,4,4.5,4,5,2,3,4,4,5,4,3,5,4,3,4,4,3,3,2,1,1.5,3,3,2,3,3,3,3,2,3,2,2.7,2,2,1,1,1,2,1,4,2,4,2,3,50,50,25,2502,2,3,1,4,3,2,3,3,5,4 600,9 600,995.24,0,4,5,4,4,4.25,4,4,5,4,4.25,5,5,4,5,4.75,5,5,4,4,4,4.4,3,3,4,3,3,2,3,3,3,3,3,4,3.2,4,3,3,2,3,3,3,50,50,4,2,3,3,3,1,1,1.67,3,3,2,2.67,2,3,2,2.33,1,0,20,1,,0,0,0
Shared Eating,1,0,0,4,4,4,4,4,2,2,3,2,2,1,3,2,2,2.11,5,6.5,4,1.5,3,5,1,4,1,6,3,6,4,6,2,3,3,4,4,4,1,4,4,3,4,2,2,2,3,3,3,3,2,1,1,2,1,1,1,2,2,1,1.4,1,80,20,26,2602,2,5,3,3,3,2,4,2,5,3 100,6 000,761.22,0,5,5,3,6,5.25,6,6,6,6,6,6,6,6,6,6,4,6,6,5,2,4.6,4,4,3,4,3,3,3.5,3,4,4,4,4,3.8,4,4,4,4,4,4,4,75,25,4,3,4,3.67,1,1,1,1,3,5,5,4.33,1,2,2,1.67,1,0,20,1,,0,0,0
Shared Eating,1,0,0,4,4,2,4,3.5,3,3,3,3,3,2,4,3,3,3,4.5,5.5,5.5,3,2,4,4,5,3,5,3,7,2,5,4,4,4,4,2,2,5,1,1,3,1,3,3,1,2,4,3,2.2,1,1,1,1,1,1,1,3,1,1,1.2,3,50,50,27,2702,2,2,1,3,2,2,3,4,4,4 800,9 000,989.10,0,6,5,2,4,5.25,7,6,5,7,6.25,5,6,5,6,5.5,5,7,6,3,2,4.6,3,4,3,4,3,4,3.5,4,4,4,4,4,4,4,4,5,4,4,4,4.17,80,20,5,5,5,5,1,1,1,1,4,4,4,4,1,1,1,1,1,1,21,3,,0,0,0
Shared Eating,1,0,0,5,3,1,3,3,2,3,3,2,3,4,3,3,2,2.78,4.5,4.5,6.5,4,2.5,5,4,6,4,7,4,5,1,4,3,1,2,1,1,1,4,3,3,3,3,2,3,1,4,3,4,2.9,1,1,1,1,1,2,1,1,1,1,1.1,1,50,50,28,2802,2,3,1,4,3,4,5,2,5,4 100,9 600,995.21,0,5,5,3,3,4.5,6,5,4,4,4.75,6,4,4,4,4.5,4,4,4,4,4,4,3,3,2,3,3,2,2.67,3,3,2,3,2,2.6,4,2,2,3,3,3,2.83,40,60,2,2,2,2,2,3,1,2,2,3,3,2.67,2,1,1,1.33,2,0,18,8,,0,0,0
Shared Eating,1,0,0,3,4,2,4,3.25,4,2,5,3,1,2,2,1,1,2.33,2,4.5,6.5,3.5,3,2,6,7,5,5,6,7,2,6,2,2,3,2,5,2,0.9,1,1,1,1,1,1,1,1,2,1,1.1,1,1,1,1,1,1,1,1,1,1,1,2,75,25,29,2902,2,1,2,4,3,2,2,3,5,6 200,9 000,988.97,0,6,5,3,3,4.75,5,6,6,7,6,4,5,5,5,4.75,2,3,4,4,6,3.8,3,3,3,3,3,2,2.83,2,3,2,3,3,2.6,3,2,2,3,3,2,2.5,75,25,2,4,3,3,1,1,1,1,2,2,1,1.67,2,1,2,1.67,1,0,21,1,,0,0,0
Shared Eating,1,0,0,3,3,3,3,3,2,2,3,2,2,1,2,3,3,2.22,3.5,4.5,6,3.5,2,4,4,6,3,6,5,5,2,4,4,4,4,4,4,4,0.1,2,2,2,2,1,2,1,3,3,2,2,1,2,1,1,1,1,1,4,2,1,1.5,1,100,0,30,3002,2,3,1,3,3,2,3,2,4,6 200,8 400,976.87,0,5,5,4,2,4,4,4,5,4,4.25,4,5,4,3,4,4,4,4,4,4,4,3,3,3,2,3,3,2.83,3,3,3,3,3,3,3,3,2,4,3,3,3,50,50,3,4,4,3.67,1,1,1,1,3,4,2,3,2,2,2,2,1,0,18,1,,0,0,0
Shared Eating,1,0,0,2,2,2,2,2,3,2,3,3,2,2,4,4,2,2.78,4,3,7,4.5,3.5,4,5,7,4,4,4,3,1,3,1,3,1,1,1,1,2,1,1,1,1,1,1,1,1,3,1,1.2,2,1,2,1,1,3,1,1,1,1,1.4,2,70,30,31,3102,2,3,1,2,2,4,4,3,5,4 200,7 800,954.44,0,4,5,4,3,4,1,5,2,4,3,5,5,4,5,4.75,4,6,5,6,4,5,4,4,3,4,1,4,3.33,3,2,4,3,2,2.8,3,4,4,4,3,4,3.67,80,20,2,3,3,2.67,1,1,1,1,1,2,1,1.33,2,4,4,3.33,2,1,21,8,,0,0,0
Shared Eating,1,0,0,5,4,5,4,4.5,3,2,4,3,2,2,2,4,4,2.89,4.5,5,6.5,2,2.5,5,5,7,2,5,4,7,2,6,3,5,4,5,4,2,3,4,1,3,4,2,4,1,3,4,2,2.8,4,1,1,1,1,1,1,2,3,1,1.6,2,25,75,32,3202,2,2,2,3,4,4,2,2,5,4 900,6 600,852.98,0,6,6,2,6,6,5,6,5,5,5.25,5,4,5,4,4.5,4,5,6,4,3,4.4,4,4,4,4,3,5,4,3,3,5,3,3,3.4,4,4,4,4,4,4,4,50,50,2,2,2,2,1,1,1,1,1,3,1,1.67,4,3,2,3,1,1,21,8,,0,0,0
Shared Eating,1,0,0,3,3,3,2,2.75,3,2,3,3,3,3,4,3,3,3,2.5,6,5,4,3,2,2,4,3,6,5,6,2,3,2,2,5,3,3,7,0.5,2,2,2,2,1,4,1,3,3,3,2.3,3,2,1,1,2,1,1,4,2,3,2,2,50,50,33,3302,2,3,1,5,3,3,4,4,5,1 700,10 200,998.28,0,3,2,5,3,2.75,2,5,2,3,3,5,4,2,4,3.75,4,5,5,4,4,4.4,5,3,5,3,4,5,4.17,1,3,2,1,1,1.6,3,4,1,3,3,3,2.83,25,75,2,2,2,2,4,3,3,3.33,3,3,2,2.67,4,2,2,2.67,2,0,18,1,,0,0,0
Shared Eating,1,0,0,4,3,2,3,3,1,2,3,2,3,5,2,1,4,2.56,4,4,4.5,1,3,3,3,5,1,2,3,3,4,7,2,4,1,3,4,6,1.5,4,3,3,3,2,4,3,4,3,3,3.2,1,1,1,1,2,2,1,2,3,1,1.5,1,40,60,34,3402,2,4,1,4,2,1,5,2,4,5 800,10 200,998.11,0,5,4,2,4,4.75,3,5,4,4,4,4,5,5,5,4.75,5,4,4,3,2,3.6,2,3,2,3,2,2,2.33,3,3,2,1,3,2.4,3,3,3,3,3,2,2.83,45,55,3,4,4,3.67,1,1,1,1,2,3,2,2.33,3,1,1,1.67,1,0,18,4,,0,0,0
Shared Eating,1,0,0,2,4,2,3,2.75,4,2,4,3,3,3,5,4,2,3.33,2,6,6,2.5,2.5,2,1,6,2,7,6,5,2,5,3,6,4,5,5,2,7,2,2,2,3,1,3,3,3,4,2,2.5,2,1,1,1,1,2,1,2,2,1,1.4,1,30,70,35,3502,2,1,2,2,1,2,2,2,5,9 700,7 800,973.23,0,7,5,1,5,6,5,6,6,4,5.25,2,5,3,2,3,6,4,5,1,3,3.8,2,4,1,2,2,2,2.17,4,4,4,3,4,3.8,4,3,4,4,4,3,3.67,35,65,3,3,3,3,2,1,1,1.33,1,4,2,2.33,2,2,2,2,1,1,21,5,,0,0,0
Shared Eating,1,0,0,4,2,2,2,2.5,3,2,3,3,4,4,2,4,3,3.11,3,6.5,5.5,4.5,2,3,2,5,6,7,5,7,2,5,4,5,4,5,4,4,1.5,4,1,3,1,1,3,1,1,3,2,2,3,1,1,1,1,2,1,3,2,1,1.6,3,50,50,36,3602,2,2,1,3,4,3,2,3,5,4 800,8 400,976.89,0,4,3,5,4,3.5,4,4,5,5,4.5,3,3,1,4,2.75,4,5,5,1,4,3.8,3,3,3,3,3,3,3,3,3,3,3,3,3,3,3,4,3,3,3,3.17,40,60,5,4,4,4.33,2,1,1,1.33,1,1,1,1,2,1,1,1.33,2,0,20,8,,0,0,0
Shared Eating,1,0,0,2,4,3,3,3,4,3,3,3,2,2,2,4,3,2.89,3.5,4,4,3.5,2.5,3,4,3,3,4,4,4,3,4,3,2,3,3,3,4,0.5,2,2,2,2,2,2,3,2,2,3,2.2,2,2,2,2,2,2,2,2,2,2,2,1,50,50,38,3802,2,3,1,3,4,1,3,3,5,5 200,9 600,995.23,0,4,4,5,4,3.75,5,5,4,4,4.5,4,6,3,3,4,5,5,5,5,4,4.8,3,3,3,4,3,4,3.33,4,3,3,4,3,3.4,3,3,3,4,4,4,3.5,60,40,3,4,4,3.67,3,1,3,2.33,3,4,4,3.67,3,3,3,3,2,0,19,1,,0,0,0
Shared Eating,1,0,0,5,4,5,4,4.5,4,3,4,4,2,2,3,5,3,3.33,3,5.5,3.5,4.5,3,3,4,3,5,3,5,7,4,4,2,4,2,2,3,3,10,3,2,1,2,1,2,1,3,3,1,1.9,1,1,1,1,1,1,1,2,1,1,1.1,1,25,75,39,3902,2,1,1,4,5,2,1,4,5,4 300,9 600,995.22,0,5,4,3,5,4.75,6,5,2,5,4.5,6,5,3,5,4.75,5,5,5,6,4,5,5,5,5,5,5,5,5,3,4,4,2,3,3.2,4,4,4,3,3,4,3.67,35,65,4,2,2,2.67,1,1,1,1,1,1,3,1.67,3,3,2,2.67,1,0,19,1,,0,0,0
Shared Eating,1,0,0,4,3,4,2,3.25,4,2,4,4,5,3,2,1,2,3,5,3.5,6,5.5,3,6,4,6,6,6,4,3,2,3,2,4,2,2,4,7,0.1,2,2,1,2,1,2,1,3,2,1,1.7,1,1,1,2,1,2,1,3,2,1,1.5,2,60,40,40,4002,2,3,1,3,3,3,2,4,5,2 900,7 800,954.27,0,5,5,2,4,5,5,5,4,5,4.75,4,5,4,5,4.5,4,4,6,5,2,4.2,3,3,2,3,2,3,2.67,4,3,4,3,3,3.4,4,3,4,2,4,3,3.33,70,30,2,3,2,2.33,2,1,1,1.33,1,1,2,1.33,1,2,1,1.33,2,0,18,1,,0,0,0
Shared Eating,1,0,0,3,4,4,4,3.75,2,2,3,3,3,3,2,3,3,2.67,4,4.5,4.5,4,2.5,5,4,3,4,5,5,5,2,4,3,4,2,4,4,4,3,3,1,3,2,3,1,3,2,3,3,2.4,3,1,1,1,2,1,1,1,1,2,1.4,1,60,40,41,4102,2,4,1,4,3,4,2,2,5,3 700,7 200,915.49,0,5,5,2,5,5.25,5,5,5,5,5,5,5,5,5,5,4,5,5,5,5,4.8,4,4,3,4,3,4,3.67,3,4,4,3,4,3.6,4,3,4,3,4,4,3.67,65,35,3,4,3,3.33,1,1,1,1,3,4,4,3.67,1,1,1,1,2,0,21,1,,0,0,0
Shared Eating,1,0,0,2,5,2,2,2.75,5,5,5,5,3,3,5,5,5,4.56,7,5,5,2.5,2,7,4,6,4,7,1,6,4,7,4,5,2,4,5,1,0.1,3,3,5,4,4,3,2,3,3,3,3.3,1,1,1,1,1,1,1,1,4,1,1.3,1,25,75,42,4202,2,2,2,1,1,3,3,1,4,9 300,6 000,806.52,0,7,7,1,7,7,7,7,7,7,7,1,5,4,3,3.25,1,1,1,4,1,1.6,1,1,1,3,4,1,1.83,3,4,3,3,3,3.2,1,3,1,5,3,3,2.67,15,85,5,5,4,4.67,1,1,1,1,4,5,4,4.33,1,1,1,1,1,0,18,8,,0,0,0
Shared Eating,1,0,0,4,1,2,2,2.25,5,3,5,2,4,3,5,4,3,3.78,5.5,7,5.5,1,3,5,1,5,1,5,2,7,2,7,2,4,2,3,4,6,0.1,4,4,3,4,4,5,3,4,4,4,3.9,1,2,3,2,2,2,2,2,2,2,2,1,70,30,43,4302,2,3,2,2,3,3,3,1,5,7 000,6 600,859.85,0,7,6,2,7,6.5,7,7,7,6,6.75,6,6,7,7,6.5,7,7,6,7,7,6.8,4,4,5,5,5,5,4.67,5,5,5,5,5,5,5,5,5,5,5,5,5,70,30,3,5,4,4,2,1,2,1.67,4,4,4,4,3,4,2,3,1,1,19,8,,0,0,0
Shared Eating,1,0,0,4,4,4,4,4,4,4,4,4,4,4,4,4,4,4,5,4,4,3.5,2.5,5,5,5,2,5,3,5,5,3,3,4,3,3,3,3,1.1,4,1,4,3,3,2,4,4,4,3,3.2,1,1,1,1,2,4,1,1,1,1,1.4,3,50,50,44,4402,2,2,2,4,4,4,3,2,5,4 300,7 800,954.36,0,6,4,2,6,5.5,4,4,6,4,4.5,6,6,6,6,6,4,4,4,5,4,4.2,3,3,3,3,3,3,3,3,3,3,3,3,3,3,3,3,3,3,3,3,50,50,3,2,3,2.67,2,2,2,2,2,3,3,2.67,2,2,2,2,1,0,20,8,,0,0,0
Shared Eating,1,0,0,4,3,4,3,3.5,4,4,4,3,5,3,3,4,3,3.67,4.5,5,5,4.5,3.5,3,4,4,6,6,2,6,2,5,1,4,3,4,4,4,0.5,2,1,1,1,1,3,2,2,3,3,1.9,4,2,1,1,2,2,3,5,1,1,2.2,2,30,70,45,4502,2,1,1,5,1,5,3,4,5,3 500,9 600,995.14,0,4,4,3,4,4.25,3,4,3,3,3.25,4,4,4,2,3.5,3,5,4,3,5,4,3,3,3,3,2,4,3,3,4,4,2,3,3.2,3,2,3,3,2,3,2.67,40,60,1,1,1,1,3,2,2,2.33,1,2,2,1.67,4,3,4,3.67,2,0,19,8,,0,0,0
Shared Eating,1,0,0,4,3,3,4,3.5,4,3,4,2,3,4,2,3,2,3,2.5,5,6.5,4,3,3,2,6,5,6,6,4,1,5,2,5,4,4,6,2,10,3,2,4,4,4,3,4,4,4,3,3.5,2,1,1,1,1,2,1,1,1,1,1.2,1,50,50,46,4602,2,4,2,3,4,3,5,3,5,1 600,7 800,954.77,0,4,4,4,5,4.25,6,6,5,6,5.75,6,6,5,5,5.5,5,5,6,6,7,5.8,3,3,3,3,3,3,3,3,3,3,3,3,3,3,3,3,3,3,3,3,50,50,2,5,5,4,1,1,1,1,1,2,2,1.67,1,1,1,1,2,0,19,1,,0,0,0
Shared Eating,1,0,0,3,3,4,3,3.25,2,2,3,2,4,4,2,2,3,2.67,5,4.5,4.5,2.5,2.5,5,4,3,2,5,3,5,2,5,3,4,2,4,3,1,10,4,3,3,3,3,3,3,3,2,4,3.1,1,1,2,1,1,2,1,2,2,1,1.4,1,50,50,48,4802,2,3,2,4,3,3,2,3,5,3 400,7 200,915.55,0,5,5,3,4,4.75,5,5,3,4,4.25,4,5,4,5,4.5,4,5,5,4,4,4.4,4,4,4,4,4,4,4,4,3,4,4,4,3.8,4,3,3,4,4,4,3.67,40,60,1,4,3,2.67,1,1,1,1,1,3,3,2.33,2,1,1,1.33,2,0,19,1,,0,0,0
Shared Eating,1,0,0,3,4,2,3,3,4,3,4,4,2,2,3,4,4,3.33,2,6,5,3,2.5,2,2,6,3,4,6,6,4,5,3,6,2,5,6,2,3.5,3,1,1,2,1,3,3,3,3,2,2.2,1,1,1,1,1,1,1,2,4,1,1.4,2,30,70,49,4902,2,3,1,2,3,3,4,3,5,4 400,8 400,976.91,0,6,5,2,4,5.25,5,4,5,5,4.75,4,5,4,5,4.5,5,6,5,5,3,4.8,4,4,4,3,2,4,3.5,3,3,4,4,3,3.4,4,3,4,4,4,3,3.67,50,50,2,3,2,2.33,1,1,1,1,3,2,2,2.33,2,2,2,2,2,0,28,8,,0,0,0
Shared Eating,1,0,0,5,1,4,4,3.5,2,4,3,5,4,4,4,3,3,3.56,5,5,4.5,6,3.5,4,3,4,5,7,2,5,3,1,1,6,2,5,5,6,2.1,5,4,3,3,3,2,2,3,3,4,3.2,4,4,3,1,2,2,3,4,2,4,2.9,5,70,30,50,5002,2,1,1,1,1,3,5,1,5,10 800,9 600,998.86,0,7,7,2,3,5.75,3,6,7,7,5.75,7,6,7,4,6,3,6,7,3,6,5,3,3,4,2,3,2,2.83,5,4,4,4,5,4.4,3,4,5,4,4,5,4.17,90,10,5,4,5,4.67,4,3,3,3.33,5,5,5,5,4,1,1,2,2,0,20,1,,0,0,0
Shared Eating,1,0,0,5,3,4,3,3.75,3,3,4,2,2,3,3,3,2,2.78,5,4.5,6.5,3,3,6,3,7,4,5,4,4,2,6,2,2,1,2,2,5,2,3,2,2,3,2,4,2,2,4,3,2.7,1,1,1,2,1,1,1,2,2,1,1.3,1,80,20,51,5102,2,4,1,3,2,3,2,3,5,4 000,7 200,915.54,0,3,4,3,6,4.5,4,6,4,4,4.5,3,3,3,3,3,3,4,3,3,3,3.2,3,3,3,3,3,3,3,2,2,3,3,2,2.4,3,3,4,4,4,4,3.67,60,40,1,4,4,3,1,1,1,1,2,3,2,2.33,1,2,2,1.67,2,0,20,8,,0,0,0
Shared Eating,1,0,0,4,4,3,4,3.75,4,4,4,4,4,3,2,3,2,3.33,4,5.5,6,2,2,5,2,6,2,5,5,5,2,6,4,2,1,2,4,3,2,4,3,2,4,2,3,4,4,4,3,3.3,1,1,1,1,1,1,1,1,1,2,1.1,2,60,40,57,5702,2,1,1,4,3,1,5,5,2,3 100,10 800,999.30,0,4,4,3,4,4.25,5,5,4,6,5,4,5,5,5,4.75,5,5,5,4,5,4.8,3,4,4,4,4,4,3.83,3,3,4,4,3,3.4,4,5,4,3,4,4,4,70,30,4,4,4,4,1,1,1,1,3,4,4,3.67,1,1,1,1,1,0,19,1,,0,0,0
Shared Eating,1,0,0,4,4,5,4,4.25,4,2,4,4,3,3,2,3,4,3.22,5.5,6,5.5,1.5,1.5,6,2,6,1,6,3,6,3,6,5,4,2,5,6,2,10,4,3,3,4,3,3,4,4,4,3,3.5,3,1,1,1,1,1,1,1,1,1,1.2,3,75,25,58,5802,2,1,1,3,4,3,3,4,5,4 100,9 600,995.21,0,2,5,3,6,4.5,7,6,5,4,5.5,5,6,5,5,5.25,4,5,5,4,6,4.8,4,4,3,4,4,4,3.83,4,4,4,4,4,4,4,4,4,4,4,4,4,85,15,3,4,4,3.67,1,1,1,1,3,4,3,3.33,1,3,3,2.33,1,0,18,2,,0,0,0
Shared Eating,1,1,0,4,3,4,3,3.5,3,2,3,2,3,2,3,3,2,2.56,2,5,4,2.5,1.5,2,2,4,2,3,6,4,4,5,5,4,3,4,2,3,3,2,1,2,2,1,2,1,1,2,2,1.6,1,1,1,2,1,1,1,3,3,1,1.5,1,50,50,59,5902,2,3,3,3,5,2,3,3,2,1 700,4 800,500.00,Already Excluded due to Protocol Violation and Prior Training (one or both in a dyad),4,4,4,4,4,4,4,4,4,4,4,4,4,4,4,4,5,4,3,5,4.2,3,3,3,3,3,3,3,3,3,3,3,3,3,3,3,3,3,3,3,3,60,40,2,3,3,2.67,1,3,1,1.67,1,3,1,1.67,2,3,1,2,1,0,19,1,,0,1,1
Shared Eating,1,1,0,4,5,4,4,4.25,2,3,3,2,2,3,4,4,2,2.78,2.5,5,4.5,2.5,1.5,2,4,3,4,6,5,6,2,7,5,4,1,4,4,4,3,2,1,1,2,1,1,2,1,1,1,1.3,1,2,1,1,1,1,1,3,1,2,1.4,2,50,50,60,6002,2,5,2,2,4,5,5,3,5,-600,5 400,642.76,1,3,3,5,3,3,1,2,3,2,2,2,5,2,5,3.5,4,3,2,4,2,3,4,3,2,2,4,2,2.83,3,2,2,5,2,2.8,3,3,2,4,2,3,2.83,40,60,1,5,3,3,1,2,2,1.67,1,2,1,1.33,1,1,1,1,2,0,19,1,,0,0,0
Shared Eating,1,0,0,3,4,4,3,3.5,3,2,3,3,2,3,3,3,3,2.78,3.5,5.5,5.5,3,2.5,3,2,4,3,4,4,5,1,5,3,3,3,2,2,2,4,3,2,1,3,1,4,3,3,3,3,2.6,2,3,3,2,3,3,3,2,2,2,2.5,2,50,50,61,6102,2,4,3,3,2,3,4,4,5,900,6 000,761.54,0,4,5,3,5,4.75,5,3,4,3,3.75,4,3,4,4,3.75,3,4,5,4,4,4,3,3,3,2,3,3,2.83,2,3,4,2,2,2.6,2,3,3,3,3,3,2.83,40,60,3,4,1,2.67,2,1,1,1.33,2,2,3,2.33,3,2,2,2.33,2,1,18,1,,0,0,0
Shared Eating,1,1,0,2,3,1,2,2,2,2,3,3,4,4,2,1,2,2.56,5,5.5,4,2.5,3.5,4,3,6,3,5,2,6,6,6,1,7,4,4,6,1,3.2,2,1,2,3,1,3,2,3,4,1,2.2,1,1,1,1,1,1,1,1,1,1,1,1,50,50,62,6202,2,1,1,2,3,1,2,1,5,11 400,9 600,999.44,Already Excluded due to Protocol Violation and Prior Training (one or both in a dyad),7,7,7,6,5.25,4,7,7,7,6.25,7,7,7,7,7,4,4,4,4,4,4,2,2,3,4,3,2,2.67,4,3,3,3,4,3.4,4,3,4,4,4,3,3.67,100,0,5,5,5,5,1,1,1,1,1,5,1,2.33,1,1,1,1,1,0,19,8,,0,1,1
Shared Eating,1,0,0,4,4,4,4,4,3,3,3,3,3,2,4,3,3,3,4,5,4,5.5,1.5,3,4,5,6,6,3,6,5,3,5,2,2,2,4,1,10,3,1,1,1,1,3,3,1,1,1,1.6,1,1,1,1,1,2,1,1,1,1,1.1,2,60,40,63,6302,2,2,3,4,4,1,3,3,5,4 600,8 400,976.90,0,4,4,3,5,4.5,5,4,4,4,4.25,5,4,4,3,4,4,5,2,3,5,3.8,2,3,3,3,2,3,2.67,3,3,4,3,2,3,3,4,4,4,3,3,3.5,60,40,Missing,Missing,Missing,,Missing,Missing,Missing,,Missing,Missing,Missing,,Missing,Missing,Missing,,Missing,,Missing,Missing,,,0,0
Shared Eating,1,0,0,4,4,4,4,4,3,3,4,3,3,3,3,3,3,3.11,3.5,4.5,6,3.5,2.5,4,3,6,4,5,5,4,2,5,3,4,3,4,3,1,5,2,3,3,2,3,3,2,3,4,4,2.9,1,1,1,1,1,1,1,3,2,1,1.3,1,30,70,64,6402,2,2,1,1,3,1,4,2,5,8 900,9 600,996.29,0,4,4,2,4,4.5,3,4,4,4,3.75,4,4,4,4,4,4,5,5,3,5,4.4,3,2,2,3,2,2,2.33,3,4,3,2,3,3,3,4,4,3,3,3,3.33,50,50,3,4,4,3.67,1,1,1,1,2,3,4,3,2,1,1,1.33,1,0,20,9,,0,0,0
Shared Eating,1,0,0,5,5,5,5,5,5,4,5,4,5,5,5,4,4,4.56,6.5,5,4.5,5.5,3,6,3,5,6,6,1,5,4,3,2,4,4,5,4,1,2,1,1,3,1,1,2,2,3,4,2,2,1,1,1,1,1,1,1,1,1,1,1,3,75,25,65,6502,2,3,1,4,3,3,3,3,5,3 800,9 000,989.05,0,5,4,5,4,4,4,3,6,3,4,5,6,4,4,4.75,7,7,5,6,6,6.2,3,3,2,4,2,2,2.67,3,3,4,3,3,3.2,3,4,4,4,4,3,3.67,60,40,4,4,4,4,1,1,1,1,1,3,4,2.67,1,1,1,1,2,1,19,8,,0,0,0
Shared Eating,1,0,0,3,3,2,2,2.5,4,2,4,3,4,4,3,3,4,3.44,4,4.5,5,3.5,2.5,4,3,4,3,4,4,4,2,4,3,4,4,4,4,2,4,3,3,3,3,3,3,4,3,3,3,3.1,3,1,1,4,3,3,3,4,3,4,2.9,2,40,60,66,6602,2,2,2,3,3,3,3,3,4,4 300,7 200,915.43,0,5,5,5,5,4.5,6,5,5,6,5.5,5,5,6,5,5.25,4,6,6,5,5,5.2,4,4,4,1,4,4,3.5,4,4,4,4,4,4,4,4,4,4,4,4,4,70,30,3,3,4,3.33,3,1,1,1.67,3,3,3,3,3,1,1,1.67,2,0,21,1,,0,0,0
Shared Eating,1,0,0,4,4,4,4,4,3,4,4,3,4,3,4,3,4,3.56,6,5.5,6.5,2,2.5,5,2,6,2,6,1,5,1,6,3,5,2,5,4,3,2.5,3,4,4,2,3,3,2,4,5,4,3.4,1,1,1,1,1,1,1,2,2,1,1.2,3,25,75,67,6702,2,1,2,4,5,2,3,3,5,4 800,9 600,995.26,0,5,5,3,5,5,6,5,5,6,5.5,5,5,6,4,5,5,5,5,6,5,5.2,3,4,3,3,3,3,3.17,4,4,3,3,3,3.4,4,3,3,4,3,4,3.5,60,40,3,5,4,4,1,1,1,1,3,3,2,2.67,2,2,1,1.67,1,0,18,8,,0,0,0
Shared Eating,1,0,0,3,2,3,3,2.75,2,2,3,3,3,3,4,3,4,3,4.5,3.5,5,3,3,5,6,6,3,5,4,5,4,5,2,4,3,5,5,2,6,4,3,4,4,1,3,2,3,3,2,2.9,1,1,1,1,1,2,1,1,2,1,1.2,1,30,70,68,6802,2,2,2,5,3,1,5,2,5,6 500,11 400,999.81,0,5,6,3,4,5,4,5,5,5,4.75,5,5,3,4,4.25,4,4,5,3,3,3.8,3,3,2,3,3,3,2.83,3,3,3,3,2,2.8,3,3,4,3,3,3,3.17,45,55,1,3,3,2.33,1,1,1,1,2,1,2,1.67,2,1,1,1.33,1,0,20,2,,0,0,0
Shared Eating,1,0,0,5,3,4,4,4,4,3,5,3,2,2,2,4,3,3.11,2,4.5,6.5,6,1.5,2,2,6,7,6,6,3,1,3,5,2,1,2,4,5,3.3,2,1,2,1,2,2,2,3,3,2,2,3,1,1,1,1,1,1,4,2,3,1.8,2,65,35,69,6902,2,1,1,5,4,2,3,3,4,5 300,10 800,999.35,0,6,5,2,5,5.5,6,6,7,5,6,4,5,3,6,4.5,2,6,5,5,4,4.4,2,3,2,4,2,3,2.67,4,4,4,4,4,4,4,3,4,4,3,3,3.5,70,30,4,5,4,4.33,1,2,1,1.33,1,2,2,1.67,1,2,2,1.67,2,0,19,8,,0,0,0
No Eating,3,0,0,3,3,3,3,3,3,2,2,2,2,2,3,3,2,2.33,4,5,4.5,3,2.5,3,2,4,2,3,3,4,3,4,3,,,,,,,3,2,2,2,2,2,3,2,2,3,2.3,3,1,1,2,2,2,1,2,3,3,2,4,50,50,107,10702,2,2,1,3,3,3,3,3,5,5 200,9 000,989.05,0,4,3,3,4,4,2,4,3,4,3.25,3,4,4,4,3.75,3,3,4,3,4,3.4,3,3,3,3,3,3,3,4,3,4,4,2,3.4,3,3,3,4,3,3,3.17,60,40,2,2,2,2,2,3,2,2.33,2,2,2,2,3,2,3,2.67,2,0,22,1,,0,0,0
No Eating,3,0,0,4,3,4,3,3.5,2,2,2,2,2,3,3,4,3,2.56,3.5,4,4,5,2,4,5,3,5,5,5,5,3,3,4,,,,,,,4,4,3,3,3,3,3,4,4,3,3.4,1,1,1,2,3,3,1,2,4,2,2,1,50,50,108,10802,2,2,1,5,4,3,3,2,5,5 300,10 200,998.12,0,6,5,2,6,5.75,6,6,6,6,6,6,6,6,6,6,4,4,5,4,4,4.2,4,4,3,3,3,4,3.5,3,3,4,3,4,3.4,3,4,4,3,4,3,3.5,80,20,3,4,3,3.33,1,1,1,1,4,3,4,3.67,1,1,1,1,1,0,18,1,,0,0,0
No Eating,3,0,0,5,3,3,4,3.75,3,3,3,4,2,2,4,2,4,3,3.5,6,5.5,4,3,3,3,6,3,4,4,7,3,3,2,,,,,,,3,1,2,1,1,2,1,3,3,1,1.8,1,1,1,1,1,1,1,2,1,1,1.1,1,25,75,109,10902,2,3,2,3,4,4,4,3,5,2 000,7 200,915.54,0,5,4,2,4,4.75,5,5,5,5,5,6,5,5,5,5.25,4,5,5,5,2,4.2,4,4,3,3,3,4,3.5,3,3,4,3,2,3,3,4,4,3,3,3,3.33,60,40,3,3,3,3,1,1,1,1,1,2,2,1.67,1,1,1,1,2,0,21,8,,0,0,0
No Eating,3,0,0,2,2,2,2,2,3,3,4,3,2,3,3,2,4,3,3,6.5,4,4.5,3,3,1,5,4,5,5,6,5,3,2,,,,,,,3,3,2,3,1,3,2,2,3,3,2.5,1,1,1,1,1,2,1,1,2,1,1.2,1,50,50,110,11002,2,2,1,4,3,2,3,5,5,2 600,10 200,998.10,0,3,3,3,4,3.75,3,4,4,5,4,4,4,3,4,3.75,3,3,4,3,2,3,3,3,3,3,3,3,3,3,4,3,4,3,3.4,3,3,4,4,4,3,3.5,70,30,2,3,2,2.33,1,1,1,1,2,2,3,2.33,1,1,1,1,1,0,20,4,,0,0,0
No Eating,3,0,0,2,2,2,1,1.75,2,2,3,3,2,2,3,2,3,2.44,3.5,3.5,5.5,3.5,3,2,5,6,5,4,3,4,3,6,2,,,,,,,4,3,4,3,3,4,3,5,4,4,3.7,1,1,1,1,2,1,1,1,1,1,1.1,1,50,50,111,11102,2,2,1,3,3,2,4,1,3,8 200,9 000,990.49,0,4,2,2,5,4.25,4,4,4,5,4.25,4,4,1,1,2.5,4,5,4,4,2,3.8,3,2,3,2,3,2,2.5,3,4,3,3,3,3.2,3,4,4,4,4,4,3.83,30,70,4,4,4,4,2,1,1,1.33,1,1,1,1,2,1,1,1.33,2,0,19,4,,0,0,0
No Eating,3,0,0,3,3,4,3,3.25,3,2,4,4,3,3,3,4,3,3.22,5,6.5,5.5,3.5,2.5,5,2,6,4,7,3,7,3,5,3,,,,,,,2,1,2,1,1,2,1,1,2,2,1.5,3,2,1,1,2,2,1,1,1,1,1.5,2,30,70,112,11202,2,1,1,5,1,1,5,5,5,4 800,13 200,1000.00,0,4,5,3,5,4.75,6,5,5,5,5.25,4,5,4,5,4.5,4,5,5,5,5,4.8,4,4,4,4,4,4,4,4,3,3,3,3,3.2,3,3,3,4,4,3,3.33,70,30,3,3,2,2.67,1,1,1,1,2,2,3,2.33,1,1,1,1,2,0,19,1,,0,0,0
No Eating,3,0,0,3,2,3,3,2.75,3,3,3,3,3,3,3,2,3,2.89,5,3.5,5,4.5,2,5,5,5,4,5,3,4,3,3,4,,,,,,,4,4,4,4,3,4,3,4,3,4,3.7,1,1,3,2,3,3,1,2,3,2,2.1,3,30,70,113,11302,2,1,1,5,4,1,4,1,5,9 200,12 600,999.99,0,5,5,3,4,4.75,4,5,4,5,4.5,4,5,5,5,4.75,4,5,5,5,5,4.8,4,4,3,4,3,4,3.67,4,4,4,4,4,4,4,4,4,4,4,4,4,80,20,3,4,4,3.67,2,1,1,1.33,3,4,4,3.67,2,2,2,2,2,0,20,1,,0,0,0
No Eating,3,1,0,4,4,3,5,4,4,5,4,2,5,5,3,3,4,3.89,3,5.5,6,2.5,2,2,3,6,2,6,4,6,2,5,4,,,,,,,2,2,3,3,3,4,4,4,4,2,3.1,2,2,1,2,1,1,1,3,4,1,1.8,3,60,40,114,11402,2,4,3,2,4,3,4,1,5,4 600,5 400,640.33,1,6,6,2,5,5.75,6,6,6,6,6,6,6,6,6,6,4,5,6,6,4,5,4,3,3,4,3,4,3.5,4,4,4,3,4,3.8,4,4,4,4,4,4,4,75,25,4,4,4,4,2,1,1,1.33,3,4,4,3.67,1,2,1,1.33,2,0,20,4,,0,0,0
No Eating,3,0,0,4,4,4,3,3.75,2,2,4,3,4,4,3,1,3,2.89,5.5,7,6.5,5,2.5,6,1,6,6,4,3,7,1,4,3,,,,,,,5,3,1,2,1,2,2,3,4,2,2.5,1,1,1,2,1,2,1,4,1,2,1.6,3,60,40,115,11502,2,3,1,4,4,3,3,4,5,1 700,9 000,989.28,0,4,4,3,5,4.5,4,2,5,4,3.75,6,6,4,6,5.5,6,5,6,5,3,5,5,5,4,5,4,5,4.67,3,3,4,3,4,3.4,4,5,5,5,4,5,4.67,50,50,3,4,4,3.67,2,1,1,1.33,3,4,4,3.67,1,1,2,1.33,2,0,20,8,,0,0,0
No Eating,3,0,0,5,4,4,4,4.25,2,4,3,2,2,3,2,2,3,2.56,4,5,5.5,3.5,2,5,4,6,3,5,5,6,3,4,4,,,,,,,4,3,4,4,2,3,3,3,3,3,3.2,3,1,1,1,3,4,1,4,3,4,2.5,2,50,50,116,11602,2,3,2,5,2,4,3,4,5,1 100,7 800,955.29,0,6,5,4,6,5.25,5,6,5,6,5.5,6,4,5,4,4.75,6,5,6,4,4,5,3,3,4,4,3,4,3.5,4,4,3,3,3,3.4,4,4,4,3,4,4,3.83,70,30,4,3,4,3.67,3,1,1,1.67,1,4,4,3,1,2,1,1.33,2,0,20,1,,0,0,0
No Eating,3,1,0,4,3,3,4,3.5,4,3,4,4,2,4,4,5,3,3.67,5,5.5,6.5,3.5,2,7,4,7,4,6,5,7,2,5,4,,,,,,,2,5,3,2,4,3,3,5,5,3,3.5,2,3,2,3,1,4,2,5,2,4,2.8,2,25,75,117,11702,2,5,1,3,4,1,4,1,5,6 000,9 000,988.97,Already Excluded due to Protocol Violation and Prior Training (one or both in a dyad),7,7,7,4,4.75,7,5,6,7,6.25,4,7,3,7,5.25,5,7,7,6,7,6.4,4,5,3,5,4,5,4.33,4,3,3,3,4,3.4,4,3,3,4,4,3,3.5,50,50,3,3,4,3.33,2,1,2,1.67,3,5,3,3.67,2,2,3,2.33,2,0,18,4,,1,1,1
No Eating,3,1,0,3,3,3,3,3,3,2,3,3,3,3,4,3,2,2.89,5,5.5,4.5,4,2.5,5,3,5,5,6,3,6,4,5,3,,,,,,,3,3,2,2,3,2,2,4,2,2,2.5,1,1,1,1,1,1,1,1,1,1,1,1,65,35,118,11802,2,5,5,5,5,2,5,5,1,-6 000,3 000,67.63,1,5,5,5,5,4.5,5,5,5,5,5,5,5,5,4,4.75,4,4,5,4,5,4.4,4,5,4,3,4,4,4,4,4,3,5,3,3.8,4,5,4,4,4,4,4.17,25,75,3,3,3,3,3,3,3,3,3,3,3,3,3,3,3,3,1,0,19,1,,0,0,0
No Eating,3,0,0,4,4,4,5,4.25,5,3,4,4,5,5,3,4,3,4,5,6,4,3,2,6,2,5,4,5,4,6,5,6,4,,,,,,,4,3,3,3,3,4,4,4,4,3,3.5,1,1,1,3,1,1,1,3,1,2,1.5,1,45,55,119,11902,2,3,2,2,2,1,2,2,4,7 600,6 600,865.24,0,6,6,1,6,6.25,7,7,7,7,7,7,7,6,7,6.75,6,7,7,6,1,5.4,3,4,4,4,4,4,3.83,3,5,4,5,5,4.4,4,4,4,4,5,3,4,80,20,5,5,4,4.67,1,1,1,1,3,4,4,3.67,1,1,1,1,2,0,21,9,Indian,0,0,0
No Eating,3,1,0,3,3,3,2,2.75,3,3,4,4,3,4,3,3,4,3.44,3.5,3,4.5,2,2,4,6,5,2,3,5,4,4,6,4,,,,,,,3,3,3,3,2,1,2,1,3,3,2.4,1,1,1,1,1,1,1,2,3,2,1.4,2,50,50,120,12002,2,3,3,3,3,3,3,3,3,2 400,4 800,500.00,1,4,5,4,4,4.25,4,4,4,5,4.25,4,5,4,5,4.5,4,4,5,4,4,4.2,3,3,3,3,3,3,3,3,3,3,3,3,3,3,3,3,3,3,3,3,50,50,2,3,2,2.33,2,2,1,1.67,2,2,2,2,2,2,2,2,1,0,20,1,,0,0,0
No Eating,3,0,0,5,4,4,4,4.25,2,2,4,2,3,3,3,3,3,2.78,3.5,6,5,3.5,3,4,3,6,5,7,5,7,4,6,2,,,,,,,4,3,2,2,1,3,2,3,3,2,2.5,2,1,1,4,1,2,1,4,3,3,2.2,2,35,65,121,12102,2,3,1,3,4,4,3,3,4,2 500,7 200,915.37,0,5,5,2,5,5.25,4,5,6,4,4.75,5,5,6,6,5.5,4,4,5,5,5,4.6,3,4,3,4,2,3,3.17,3,2,4,3,4,3.2,3,5,3,4,4,4,3.83,45,55,4,2,2,2.67,1,1,1,1,2,3,2,2.33,3,4,1,2.67,1,0,20,8,,0,0,0
No Eating,3,0,0,4,4,4,4,4,3,3,3,2,3,3,3,4,2,2.89,4.5,6,6.5,3,2.5,5,2,6,3,5,4,6,1,5,3,,,,,,,3,2,4,4,2,4,3,4,4,3,3.3,1,1,1,1,1,2,1,2,2,2,1.4,1,25,75,122,12202,2,2,1,4,2,3,4,1,5,8 200,10 200,998.23,0,6,6,1,5,6,5,5,6,4,5,4,5,4,5,4.5,4,4,4,4,3,3.8,3,2,2,2,2,2,2.17,3,2,3,2,2,2.4,3,3,4,4,3,3,3.33,60,40,2,4,4,3.33,1,1,1,1,4,5,4,4.33,1,2,1,1.33,1,0,19,8,,0,0,0
No Eating,3,0,0,3,4,3,4,3.5,4,1,4,3,3,5,4,4,4,3.56,5.5,5,5.5,3.5,3,5,3,5,1,5,2,5,2,2,2,,,,,,,4,4,3,4,3,4,4,4,4,3,3.7,3,1,2,4,2,4,4,4,3,4,3.1,1,50,50,124,12402,2,1,1,3,3,1,5,3,5,7 400,12 000,999.96,0,6,6,6,6,5,6,6,6,6,6,6,6,6,6,6,6,6,6,6,6,6,4,4,4,4,4,4,4,4,4,4,4,4,4,4,4,4,4,4,4,4,50,50,4,4,4,4,2,1,1,1.33,4,4,4,4,2,1,1,1.33,2,0,22,1,,0,0,0
No Eating,3,1,0,5,4,4,5,4.5,5,5,5,5,5,5,5,3,5,4.78,7,4.5,6.5,2.5,3,7,6,6,2,6,1,7,1,5,2,,,,,,,5,5,4,5,5,1,4,5,5,5,4.4,2,1,1,1,2,2,1,2,3,2,1.7,2,90,10,125,12502,2,3,3,2,2,4,2,3,5,3 400,4 200,359.89,1,7,7,2,6,6.5,6,6,6,6,6,7,7,6,7,6.75,6,7,7,6,2,5.6,4,5,4,4,4,4,4.17,5,5,3,5,5,4.6,4,4,3,4,5,5,4.17,90,10,1,4,5,3.33,1,1,1,1,1,4,4,3,2,1,1,1.33,1,0,19,1,,0,0,0
No Eating,3,0,0,4,4,4,4,4,5,3,3,3,3,3,2,2,2,2.89,7,3,7,2,0.5,7,4,7,3,5,1,2,1,7,7,,,,,,,5,5,4,5,3,4,5,5,4,4,4.4,2,1,1,1,1,1,1,3,3,2,1.6,1,30,70,126,12602,2,1,1,3,1,3,3,3,5,7 400,9 600,995.29,0,5,4,5,3,3.75,4,4,4,4,4,3,4,3,5,3.75,5,5,4,4,4,4.4,4,3,4,4,3,3,3.5,3,3,3,3,3,3,4,2,4,4,3,4,3.5,10,90,4,4,4,4,3,2,1,2,2,5,4,3.67,1,2,1,1.33,1,0,19,8,,0,0,0
No Eating,3,1,0,4,3,4,2,3.25,3,3,3,3,3,4,4,3,4,3.33,3.5,4.5,5,3.5,2,3,3,4,3,3,4,4,2,4,4,,,,,,,3,3,2,2,2,2,2,2,2,2,2.2,2,2,2,1,2,1,2,2,3,2,1.9,2,10,90,127,12702,2,2,1,3,2,1,5,4,5,5 500,11 400,999.81,Already Excluded due to Protocol Violation and Prior Training (one or both in a dyad),5,4,3,5,4.75,4,4,4,4,4,4,4,4,4,4,4,5,4,4,5,4.4,4,3,3,4,3,3,3.33,3,3,3,3,4,3.2,4,3,4,3,4,4,3.67,50,50,1,2,2,1.67,2,2,2,2,2,2,2,2,2,2,3,2.33,1,0,21,1,,0,1,1
No Eating,3,0,0,4,3,3,4,3.5,3,2,3,2,1,3,2,2,3,2.33,4,4,4,4,2,4,4,4,4,4,4,4,4,4,4,,,,,,,3,3,3,3,3,3,3,3,3,3,3,3,3,3,3,3,3,3,3,3,3,3,4,50,50,128,12802,2,3,2,4,2,3,4,4,5,2 100,8 400,976.82,0,4,4,4,4,4,4,4,4,4,4,4,4,4,4,4,4,4,4,4,4,4,3,3,4,3,4,4,3.5,3,3,4,3,3,3.2,4,3,3,3,4,4,3.5,60,40,3,3,3,3,3,3,3,3,3,4,3,3.33,3,3,3,3,1,0,21,1,,0,0,0
No Eating,3,0,0,4,4,4,3,3.75,3,3,3,4,3,4,3,4,4,3.44,3.5,4.5,4.5,3.5,1.5,4,4,5,4,4,5,5,4,5,5,,,,,,,4,4,4,3,3,3,4,4,3,4,3.6,4,3,3,3,4,4,4,3,4,3,3.5,4,45,55,129,12902,2,4,2,4,5,1,5,2,5,3 700,9 600,995.17,0,5,5,5,4,4.25,5,4,5,5,4.75,4,5,5,5,4.75,4,4,4,4,4,4,4,4,4,4,4,4,4,4,4,4,4,4,4,4,4,4,4,4,4,4,50,50,3,4,3,3.33,3,1,3,2.33,4,3,4,3.67,4,3,3,3.33,2,0,22,1,,0,0,0
No Eating,3,1,0,5,4,4,5,4.5,3,2,4,3,2,3,3,2,2,2.67,3,7,6,1.5,2,3,1,6,1,4,5,7,2,6,4,,,,,,,3,3,3,2,2,4,2,3,4,4,3,1,1,1,1,1,1,1,1,1,1,1,3,50,50,130,13002,2,2,4,2,3,3,5,3,5,3 400,6 000,761.27,1,6,6,1,6,6.25,5,7,4,6,5.5,4,6,7,6,5.75,4,5,6,6,6,5.4,4,4,3,4,3,3,3.5,4,4,4,4,3,3.8,4,4,4,4,4,4,4,50,50,4,5,5,4.67,1,1,1,1,3,4,3,3.33,1,1,1,1,1,0,22,8,,0,0,0
No Eating,3,0,0,3,3,3,2,2.75,3,2,3,2,4,4,2,4,2,2.89,2.5,5,5,3.5,2,3,2,4,4,2,6,4,2,5,4,,,,,,,2,2,2,2,1,1,2,2,1,2,1.7,3,1,1,1,1,1,1,2,1,1,1.3,2,50,50,132,13201,2,2,2,3,2,3,3,3,5,5 200,7 800,954.30,0,3,4,3,4,4,4,3,3,3,3.25,4,3,2,2,2.75,4,4,3,3,3,3.4,3,3,4,3,3,4,3.33,3,3,3,3,3,3,3,2,3,3,2,3,2.67,50,50,2,2,2,2,1,1,3,1.67,3,2,1,2,3,1,2,2,2,1,20,1,,0,0,0
No Eating,3,0,0,5,2,2,3,3,3,1,3,3,1,1,3,3,2,2.22,7,6.5,5.5,4.5,3.5,7,1,6,2,7,1,6,3,1,1,,,,,,,3,3,4,2,2,3,1,4,3,3,2.8,1,1,1,2,1,1,1,2,2,1,1.3,1,50,50,133,13302,2,2,1,2,3,4,3,4,5,3 300,7 800,954.35,0,5,6,1,6,6,5,5,4,6,5,4,6,5,5,5,4,6,6,6,7,5.8,4,4,4,4,4,4,4,3,3,3,4,3,3.2,4,4,3,3,4,4,3.67,60,40,3,3,4,3.33,1,1,1,1,3,3,3,3,1,1,1,1,2,0,19,1,,0,0,0
No Eating,3,0,0,3,4,2,4,3.25,3,2,3,3,3,4,4,3,2,3,6,6,6.5,3.5,3,7,2,6,2,7,3,6,1,3,2,,,,,,,1,1,1,1,1,2,1,2,3,1,1.4,1,1,1,1,1,4,3,2,3,1,1.8,1,20,80,134,13402,2,3,1,3,4,3,3,3,3,3 000,7 200,915.53,0,4,3,4,4,3.75,4,3,3,4,3.5,4,2,1,1,2,4,6,5,3,4,4.4,3,3,3,2,3,2,2.67,2,3,2,3,2,2.4,2,3,3,3,2,3,2.67,90,10,3,4,3,3.33,1,1,2,1.33,3,2,2,2.33,2,1,2,1.67,2,0,22,1,,0,0,0
No Eating,3,0,0,5,3,3,4,3.75,5,5,4,5,2,3,5,4,5,4.22,6,5.5,4.5,2,3.5,5,1,7,2,6,1,4,6,6,1,,,,,,,3,2,4,1,3,4,2,3,4,3,2.9,2,3,1,1,1,1,1,1,1,1,1.3,2,20,80,135,13502,2,2,1,2,1,1,2,1,5,11 600,9 000,998.76,0,7,2,1,3,4.75,7,4,7,7,6.25,3,7,5,4,4.75,4,6,2,4,3,3.8,2,1,1,1,1,1,1.17,4,4,4,4,4,4,3,4,4,5,4,4,4,30,70,5,5,5,5,1,1,1,1,2,4,3,3,1,2,1,1.33,2,0,18,8,,0,0,0
No Eating,3,0,0,4,4,4,3,3.75,4,3,3,3,3,3,4,4,3,3.33,4,4,4.5,4,2.5,4,4,4,4,4,4,4,3,4,3,,,,,,,3,3,3,3,3,3,4,3,4,4,3.3,3,3,2,2,2,2,2,3,3,2,2.4,5,70,30,136,13602,2,1,1,4,1,1,4,3,5,8 400,12 000,999.95,0,4,4,4,4,4,4,5,4,5,4.5,5,4,4,5,4.5,4,4,5,4,5,4.4,4,4,3,3,3,4,3.5,3,3,4,4,4,3.6,3,3,4,4,3,4,3.5,70,30,3,3,3,3,1,1,1,1,2,2,3,2.33,2,1,1,1.33,1,0,22,1,,0,0,0
No Eating,3,1,0,5,4,4,3,4,5,5,5,2,4,3,5,3,2,3.78,6.5,6.5,5,4,3.5,7,2,4,4,7,2,7,2,4,1,,,,,,,4,5,4,5,4,3,3,5,3,4,4,1,1,1,3,2,1,1,4,3,1,1.8,2,60,40,137,13702,2,2,2,5,4,3,4,2,4,4 200,9 000,989.10,Already Excluded due to Protocol Violation and Prior Training (one or both in a dyad),6,4,4,5,4.75,4,5,5,4,4.5,5,4,6,4,4.75,4,5,5,4,4,4.4,3,3,3,3,3,3,3,3,3,3,3,3,3,3,3,3,3,3,3,3,50,50,3,3,4,3.33,1,1,1,1,2,3,4,3,4,4,3,3.67,1,0,20,8,,1,1,1
No Eating,3,1,0,3,2,3,3,2.75,2,1,4,2,4,4,4,4,2,3,5.5,5,4,3,2.5,4,5,4,3,3,1,7,4,5,3,,,,,,,3,3,3,3,3,3,4,4,4,3,3.3,3,3,1,3,2,1,2,2,2,3,2.2,2,60,40,138,13802,2,4,3,2,3,4,5,1,5,4 200,5 400,640.15,1,5,5,5,5,4.5,5,5,5,6,5.25,5,5,5,5,5,3,6,5,5,6,5,4,4,4,3,4,4,3.83,2,4,5,4,4,3.8,4,3,4,4,4,4,3.83,75,25,3,3,2,2.67,1,1,1,1,3,2,2,2.33,3,3,3,3,2,0,21,1,,0,0,0
No Eating,3,0,0,3,3,4,3,3.25,2,3,3,3,2,2,2,3,2,2.44,3.5,4,4.5,5,2.5,3,4,5,6,4,4,4,4,4,3,,,,,,,4,3,3,2,3,3,4,3,4,3,3.2,2,1,1,2,3,2,3,3,3,2,2.2,4,50,50,139,13902,2,3,1,4,4,3,3,3,5,3 200,9 000,988.98,0,3,4,4,5,4,6,4,3,5,4.5,5,5,5,5,5,2,5,5,5,5,4.4,4,3,3,4,4,3,3.5,3,4,3,2,4,3.2,4,2,4,4,3,3,3.33,70,30,3,4,3,3.33,3,1,1,1.67,3,4,4,3.67,3,1,2,2,2,0,19,1,,0,0,0
No Eating,3,1,0,5,3,2,4,3.5,3,4,4,3,3,2,4,3,2,3.11,4.5,5.5,6.5,2.5,3,5,3,7,3,6,4,6,2,6,2,,,,,,,2,2,3,3,3,1,2,3,2,3,2.4,2,2,1,1,1,2,1,1,1,1,1.3,1,40,60,140,14002,2,2,2,4,2,3,3,2,5,6 300,8 400,976.82,Already Excluded due to Protocol Violation and Prior Training (one or both in a dyad),6,6,3,6,5.75,6,6,6,4,5.5,6,6,5,5,5.5,6,7,7,6,6,6.4,5,5,5,5,5,5,5,5,5,5,5,5,5,5,5,5,5,5,5,5,85,15,4,3,4,3.67,1,1,1,1,4,3,3,3.33,1,2,2,1.67,2,0,19,4,,1,1,1
No Eating,3,0,0,3,3,3,2,2.75,3,3,4,3,2,3,2,4,4,3.11,4,4.5,4.5,3.5,2.5,3,2,4,3,3,3,3,3,4,3,,,,,,,3,2,2,2,3,4,3,3,3,3,2.8,3,3,3,3,3,2,3,4,3,3,3,3,40,60,141,14102,2,1,2,4,3,2,3,3,4,5 700,9 000,988.99,0,5,5,4,4,4.5,4,5,5,4,4.5,4,5,4,4,4.25,4,6,6,4,4,4.8,3,3,3,3,4,3,3.17,3,3,3,3,3,3,3,3,3,3,3,3,3,35,65,3,3,4,3.33,3,2,2,2.33,3,4,3,3.33,2,2,2,2,1,0,18,1,,0,0,0
No Eating,3,0,0,3,3,3,3,3,1,1,3,2,2,3,2,1,1,1.78,6.5,5,5.5,2,1.5,6,2,7,2,7,1,4,4,6,5,,,,,,,4,3,4,3,3,4,2,4,4,4,3.5,2,1,1,1,1,1,1,2,3,1,1.4,1,1,99,142,14202,2,4,1,5,3,4,5,2,4,2 400,9 000,989.05,0,5,5,2,4,5,4,5,6,5,5,6,6,5,6,5.75,4,5,5,5,1,4,4,4,3,4,4,3,3.67,3,3,4,3,3,3.2,4,4,3,4,4,3,3.67,25,75,4,4,4,4,1,1,1,1,3,4,3,3.33,1,1,1,1,1,0,18,8,,0,0,0
No Eating,3,0,0,3,2,3,5,3.25,2,2,2,4,2,2,3,5,4,2.89,3.5,5,2.5,3,2.5,5,2,3,2,6,6,4,6,4,3,,,,,,,3,1,1,1,1,3,1,3,2,2,1.8,3,1,1,2,1,1,1,3,1,3,1.7,4,60,40,143,14302,2,3,1,3,3,4,3,3,5,3 400,7 800,954.40,0,3,4,6,4,3.25,5,4,3,3,3.75,4,3,3,4,3.5,3,3,5,4,4,3.8,3,4,3,2,3,3,3,3,3,2,3,3,2.8,3,3,3,3,3,3,3,30,70,2,3,1,2,1,1,1,1,3,3,3,3,3,2,1,2,2,0,20,1,,0,0,0
No Eating,3,0,0,4,4,4,4,4,4,4,4,3,3,2,4,3,3,3.33,2.5,5,4,4.5,2,2,2,3,5,2,5,4,3,4,4,,,,,,,2,1,1,1,1,1,1,2,2,1,1.3,2,1,1,2,1,1,1,4,3,2,1.8,1,85,15,144,14402,2,2,1,4,4,4,4,3,5,3 200,9 600,995.15,0,2,3,5,4,3,3,3,2,3,2.75,2,3,3,3,2.75,2,4,3,2,3,2.8,3,3,3,4,4,3,3.33,2,2,3,2,2,2.2,2,4,2,4,3,3,3,30,70,2,2,2,2,2,1,1,1.33,2,2,2,2,3,3,3,3,2,0,20,1,,0,0,0
No Eating,3,0,0,4,4,5,4,4.25,4,3,3,4,3,2,2,2,4,3,3.5,4.5,5.5,2.5,2,4,3,7,3,6,5,4,4,6,4,,,,,,,5,3,5,4,2,4,4,5,4,4,4,3,1,1,1,3,2,1,1,3,1,1.7,3,40,60,145,14502,2,1,1,4,5,1,4,2,5,7 500,12 000,999.95,0,6,6,3,6,5.75,6,4,4,5,4.75,6,6,4,6,5.5,4,5,4,5,6,4.8,4,4,4,3,4,4,3.83,3,3,3,3,3,3,4,3,3,3,4,3,3.33,40,60,3,5,5,4.33,1,1,1,1,2,4,3,3,1,1,2,1.33,1,0,19,5,,0,0,0
No Eating,3,0,0,5,5,4,4,4.5,2,4,3,3,2,3,4,1,4,2.89,5.5,4.5,4.5,4.5,2.5,6,4,3,6,4,3,5,2,5,3,,,,,,,4,3,3,3,2,2,2,2,3,2,2.6,1,1,1,2,1,3,1,4,3,3,2,4,80,20,146,14602,2,3,1,3,4,2,2,2,2,5 200,6 600,853.39,0,6,7,2,6,6.25,7,7,7,7,7,7,7,7,7,7,5,6,7,5,6,5.8,4,4,4,4,4,5,4.17,3,4,5,4,4,4,4,3,3,3,5,4,3.67,90,10,2,3,4,3,3,1,1,1.67,3,4,4,3.67,3,4,4,3.67,1,0,21,1,,0,0,0
No Eating,3,0,0,4,5,5,4,4.5,4,4,4,3,4,4,3,3,4,3.67,6,5.5,4,1,2,6,3,5,1,6,2,6,5,7,4,,,,,,,4,4,4,3,2,4,2,5,4,4,3.6,1,1,2,1,2,1,1,3,4,1,1.7,2,40,60,147,14702,2,3,1,3,3,2,4,2,5,6 300,9 600,995.13,0,7,7,2,7,6.75,7,7,6,6,6.5,6,6,6,6,6,6,6,6,5,6,5.8,4,4,3,4,3,4,3.67,4,4,4,3,3,3.6,4,5,4,4,3,4,4,30,70,4,5,4,4.33,1,1,1,1,3,4,4,3.67,1,3,2,2,1,0,18,8,,0,0,0
No Eating,3,0,0,4,4,4,3,3.75,2,3,3,3,4,2,2,2,4,2.78,3,6,5.5,2,1.5,2,2,6,2,6,4,6,3,6,5,,,,,,,3,3,3,2,1,3,1,1,3,1,2.1,1,1,1,1,1,1,1,1,1,1,1,2,40,60,148,14802,2,2,2,2,2,2,3,3,5,6 400,7 800,955.01,0,5,5,3,5,5,4,4,4,6,4.5,5,5,4,5,4.75,4,4,4,4,4,4,3,2,3,2,2,2,2.33,3,2,3,3,4,3,3,3,4,4,4,4,3.67,70,30,4,4,4,4,1,1,1,1,2,3,3,2.67,1,1,1,1,2,1,20,1,,0,0,0
No Eating,3,0,0,3,3,2,3,2.75,2,2,2,2,2,2,2,2,2,2,4.5,5,6,3,2.5,4,4,6,3,5,3,6,2,5,3,,,,,,,4,3,3,3,1,4,3,3,3,3,3,1,1,1,1,1,1,1,1,1,1,1,2,70,30,149,14902,2,2,2,4,3,3,3,2,5,5 700,8 400,976.73,0,4,4,4,3,3.75,4,4,4,4,4,4,3,3,4,3.5,4,4,4,3,4,3.8,3,2,1,3,2,2,2.17,3,3,3,3,3,3,3,3,3,3,3,2,2.83,30,70,1,2,2,1.67,2,1,1,1.33,1,1,1,1,2,2,3,2.33,2,0,18,1,,0,0,0
No Eating,3,0,0,3,3,2,3,2.75,4,4,4,3,3,4,4,3,2,3.44,3.5,6.5,6.5,3,3,5,1,7,3,5,6,6,2,5,2,,,,,,,5,4,4,5,4,4,2,5,4,4,4.1,1,1,1,1,1,1,1,1,1,1,1,5,50,50,150,15002,2,4,1,5,3,4,5,4,5,-300,9 600,997.55,0,5,6,4,6,5.25,5,5,5,5,5,5,4,6,6,5.25,6,7,7,4,6,6,4,4,4,4,4,4,4,4,3,3,4,3,3.4,4,4,4,4,4,4,4,40,60,4,4,4,4,1,1,1,1,1,4,4,3,1,1,1,1,2,0,19,4,,0,0,0
Separate Eating,2,0,0,4,3,3,4,3.5,3,3,3,4,3,3,4,2,4,3.22,2,5,5.5,5,1.5,2,3,5,5,4,6,5,2,3,5,3,2,3,4,2,10,2,2,4,2,3,4,3,4,4,3,3.1,1,1,1,1,1,3,1,1,3,1,1.4,2,25,75,201,20102,2,3,1,3,4,1,4,4,5,3 500,10 200,998.05,0,5,5,4,5,4.75,4,5,5,4,4.5,4,5,4,5,4.5,5,7,6,5,4,5.4,4,4,3,3,3,3,3.33,3,3,4,3,2,3,4,3,4,4,4,3,3.67,60,40,4,5,5,4.67,3,1,1,1.67,3,3,3,3,1,1,3,1.67,1,0,21,1,,0,0,0
Separate Eating,2,0,0,3,3,3,2,2.75,4,4,4,4,4,3,4,3,3,3.67,4,5,4,3,1.5,5,3,5,3,5,5,5,5,5,5,4,4,4,4,6,0.5,2,2,1,2,1,3,1,3,3,1,1.9,1,1,2,1,1,1,1,2,1,1,1.2,3,30,70,202,20202,2,3,1,4,2,2,3,2,5,6 700,9 600,995.12,0,4,4,4,4,4,5,5,3,5,4.5,5,3,4,5,4.25,4,5,4,4,4,4.2,4,3,4,3,3,4,3.5,2,3,3,3,2,2.6,3,4,3,4,4,3,3.5,30,70,1,1,1,1,1,1,1,1,1,1,1,1,4,2,2,2.67,2,0,22,1,,0,0,0
Separate Eating,2,0,0,4,4,4,4,4,2,2,3,2,2,2,3,3,3,2.44,3,5,5,4,1.5,3,3,5,5,4,5,5,3,5,5,1,2,1,3,2,4,3,2,2,3,2,3,1,3,3,3,2.5,1,1,1,1,1,1,1,1,2,1,1.1,1,25,75,203,20302,2,2,1,5,5,1,3,3,5,4 800,11 400,999.81,0,5,3,4,4,4,6,5,5,5,5.25,5,6,6,6,5.75,5,5,6,5,3,4.8,4,4,3,4,4,4,3.83,4,4,2,4,2,3.2,4,4,4,4,4,4,4,75,25,4,4,4,4,1,1,1,1,3,4,2,3,1,1,1,1,2,1,18,1,,0,0,0
Separate Eating,2,0,0,4,4,4,4,4,2,5,5,3,5,3,1,2,3,3.22,4,4,5,2,2,4,6,4,2,4,4,6,2,6,4,2,2,2,4,1,10,4,2,2,2,2,2,2,5,3,2,2.6,1,1,1,1,1,1,1,2,2,1,1.2,2,20,80,204,20402,2,4,1,5,4,2,4,2,5,3 900,10 200,998.08,0,5,5,4,6,5,6,6,7,6,6.25,6,6,5,6,5.75,4,6,6,6,1,4.6,3,3,3,3,3,3,3,3,4,4,3,2,3.2,4,3,4,4,5,4,4,75,25,4,4,3,3.67,1,1,1,1,3,3,3,3,1,1,1,1,2,0,21,4,,0,0,0
Separate Eating,2,0,0,4,4,4,5,4.25,3,1,4,3,1,3,3,2,2,2.44,1.5,6,5.5,2.5,1.5,1,1,5,3,4,6,5,2,6,5,1,1,1,5,2,5,2,2,1,1,1,1,1,1,1,1,1.2,5,1,1,2,1,1,1,4,3,2,2.1,2,70,30,205,20502,2,4,1,4,4,1,4,3,5,3 600,10 200,998.06,0,5,4,5,5,4.25,4,4,5,4,4.25,7,6,7,6,6.5,5,5,5,4,2,4.2,5,5,2,5,5,5,4.5,4,3,4,4,3,3.6,4,4,3,5,4,4,4,60,40,2,1,2,1.67,1,1,1,1,1,4,4,3,3,3,2,2.67,2,0,22,4,,0,0,0
Separate Eating,2,1,1,5,4,5,4,4.5,2,1,4,2,2,3,3,3,1,2.33,3.5,5,5.5,2.5,3,4,3,6,3,4,5,5,3,6,2,5,2,5,4,5,3.5,4,3,3,3,2,3,2,4,3,4,3.1,1,1,1,1,1,1,1,1,2,1,1.1,3,40,60,206,20602,2,1,1,2,3,2,2,2,4,8 800,8 400,982.77,Already Excluded due to Protocol Violation and Prior Training (one or both in a dyad),7,7,1,7,7,7,7,7,7,7,5,6,6,6,5.75,5,7,6,6,7,6.2,2,1,1,1,2,2,1.5,5,4,4,4,3,4,4,5,4,4,4,5,4.33,45,55,5,5,4,4.67,1,1,1,1,3,4,2,3,2,1,1,1.33,1,0,20,8,,0,0,1
Separate Eating,2,0,0,4,4,2,2,3,4,2,4,3,3,4,4,4,4,3.56,3,2.5,6,3.5,2,3,6,5,4,6,5,3,1,5,4,4,3,2,3,4,4.3,4,4,4,4,4,4,4,5,4,3,4,2,2,1,2,2,2,1,3,5,1,2.1,2,25,75,207,20702,2,1,1,3,1,3,3,3,3,6 800,8 400,977.34,0,5,5,3,3,4.5,3,4,3,4,3.5,1,1,2,1,1.25,3,2,3,2,4,2.8,1,1,1,2,1,1,1.17,2,2,2,1,1,1.6,2,3,2,2,1,1,1.83,25,75,1,2,1,1.33,2,1,2,1.67,2,2,2,2,2,2,2,2,1,0,22,8,,0,0,0
Separate Eating,2,0,0,4,4,4,4,4,3,5,4,3,5,5,3,3,3,3.78,6.5,6,4,4.5,3,7,2,5,5,6,2,6,5,4,2,5,2,4,4,1,4.7,4,3,4,4,3,3,2,4,4,3,3.4,2,1,1,2,1,1,1,4,4,2,1.9,1,70,30,208,20802,2,1,3,4,5,1,3,3,5,5 000,9 000,989.07,0,4,4,4,4,4,3,3,3,2,2.75,5,4,4,5,4.5,4,4,4,2,6,4,3,4,2,3,2,2,2.67,2,2,5,2,2,2.6,3,5,3,4,3,4,3.67,45,55,2,2,2,2,2,1,1,1.33,2,3,3,2.67,4,1,3,2.67,2,0,25,8,,0,0,0
Separate Eating,2,0,0,3,2,2,2,2.25,4,3,4,4,4,3,3,2,3,3.33,3,4,4,3,1.5,3,3,3,3,4,5,3,3,5,5,3,2,3,4,2,8.1,2,2,2,2,2,2,2,2,2,2,2,2,1,2,2,1,2,1,2,2,2,1.7,1,50,50,209,20902,2,1,1,3,3,2,3,3,5,7 000,10 200,998.06,0,3,3,2,3,3.75,4,3,3,4,3.5,4,4,3,3,3.5,3,3,3,3,3,3,3,3,3,3,3,3,3,2,3,3,3,3,2.8,3,2,3,2,4,3,2.83,50,50,2,2,2,2,1,1,1,1,2,1,1,1.33,2,2,2,2,2,0,23,1,,0,0,0
Separate Eating,2,0,0,5,1,3,3,3,1,5,1,1,1,5,1,1,1,1.89,4,4,7,4,3.5,7,7,7,7,7,7,7,1,7,1,1,7,1,4,5,2,5,5,5,5,5,3,5,5,5,5,4.8,5,5,3,4,3,4,3,5,4,4,4,7,50,50,210,21002,2,4,1,2,1,3,1,1,1,7 000,3 600,215.12,0,6,5,3,4,5,4,7,7,6,6,5,3,6,5,4.75,3,6,5,5,4,4.6,2,3,5,4,4,3,3.5,2,2,3,5,5,3.4,4,2,3,3,5,2,3.17,50,50,5,3,5,4.33,3,5,5,4.33,1,5,5,3.67,4,4,5,4.33,1,0,19,5,,0,0,0
Separate Eating,2,0,0,4,3,3,3,3.25,4,3,4,4,4,4,2,4,4,3.67,2,6.5,5,4.5,3,2,1,6,5,6,6,6,4,4,2,2,2,2,2,1,2,5,4,4,4,4,4,4,5,4,4,4.2,2,2,1,2,1,1,1,3,2,3,1.8,3,45,55,211,21102,2,2,1,5,4,4,4,5,5,-200,10 200,999.37,0,4,3,3,5,4.25,4,4,4,4,4,4,5,5,5,4.75,2,5,6,5,5,4.6,4,4,4,4,4,4,4,4,3,3,3,4,3.4,4,4,4,4,3,4,3.83,40,60,3,4,4,3.67,2,2,2,2,3,3,3,3,4,4,4,4,1,0,21,8,,0,0,0
Separate Eating,2,0,0,2,4,2,4,3,5,3,4,4,4,3,2,5,3,3.67,3,5,3.5,4.5,1.5,4,3,4,5,5,6,5,5,4,5,1,4,1,1,7,0.2,2,1,2,2,1,2,1,2,4,1,1.8,3,3,1,5,2,3,1,5,3,4,3,1,65,35,212,21202,2,2,2,3,2,3,5,3,3,4 200,7 800,954.44,0,5,4,4,2,3.75,3,5,5,3,4,4,4,2,3,3.25,3,4,4,4,4,3.8,2,3,2,3,3,3,2.67,2,2,4,2,2,2.4,2,4,3,3,3,3,3,60,40,3,4,4,3.67,3,1,1,1.67,3,3,3,3,2,2,3,2.33,2,0,20,1,,0,0,0
Separate Eating,2,0,0,2,2,3,1,2,5,2,5,5,5,5,5,5,5,4.67,2,5,5,3.5,1.5,3,4,6,4,3,7,6,4,5,5,2,3,1,1,2,3,1,1,1,1,1,1,1,1,1,1,1,2,2,1,2,2,4,1,2,1,2,1.9,1,20,80,213,21302,2,3,1,4,5,4,4,4,5,100,9 000,991.75,0,4,4,6,4,3.5,5,5,4,5,4.75,4,6,5,7,5.5,4,5,4,4,4,4.2,4,4,4,3,4,3,3.67,4,4,3,4,4,3.8,3,3,3,4,4,3,3.33,50,50,3,3,3,3,1,1,1,1,1,3,3,2.33,2,3,2,2.33,2,0,21,1,,0,0,0
Separate Eating,2,0,0,4,4,4,3,3.75,2,2,2,2,2,2,3,3,3,2.33,3.5,5,4.5,3.5,2,4,3,5,4,5,5,5,4,5,4,2,2,2,4,3,3,1,1,1,1,1,2,1,2,3,2,1.5,1,1,1,1,1,2,1,2,2,1,1.3,2,50,50,214,21402,2,4,2,3,2,2,4,3,4,3 500,7 200,915.49,0,4,4,4,3,3.75,4,3,5,3,3.75,4,4,4,4,4,4,4,4,3,5,4,3,4,3,3,3,3,3.17,2,2,3,3,3,2.6,3,4,3,3,2,4,3.17,50,50,3,4,3,3.33,1,1,1,1,1,1,1,1,1,2,2,1.67,1,0,20,8,,0,0,0
Separate Eating,2,0,0,4,4,3,4,3.75,4,4,2,2,1,2,3,2,3,2.56,4.5,4,3.5,4.5,3,4,4,3,4,5,3,4,4,3,2,2,2,2,1,2,0.5,4,4,2,4,3,2,4,3,3,4,3.3,3,3,4,3,3,2,2,3,3,4,3,1,30,70,215,21502,2,3,1,2,2,4,1,4,3,2 700,4 800,500.00,0,3,4,5,4,3.5,4,4,4,2,3.5,5,4,1,2,3,4,4,3,4,4,3.8,2,3,2,3,3,3,2.67,2,2,2,3,2,2.2,2,2,4,3,3,3,2.83,30,70,3,3,3,3,3,3,3,3,3,3,3,3,3,3,3,3,2,0,18,1,,0,0,0
Separate Eating,2,0,0,3,1,2,3,2.25,1,1,1,1,2,2,2,4,3,1.89,2.5,3.5,3.5,4,1.5,3,5,5,3,6,6,4,6,3,5,1,4,2,1,1,8.1,3,3,3,3,3,1,3,2,3,2,2.6,2,3,1,1,3,1,1,2,2,1,1.7,1,10,90,216,21602,2,3,1,4,2,2,2,3,5,5 400,9 000,989.04,0,6,6,3,4,5.25,6,5,5,5,5.25,6,6,6,6,6,5,5,5,5,5,5,4,4,4,4,4,4,4,3,4,4,4,4,3.8,4,3,4,4,4,3,3.67,50,50,3,4,4,3.67,3,2,2,2.33,3,4,4,3.67,3,2,2,2.33,2,0,21,1,,0,0,0
Separate Eating,2,1,0,4,3,4,3,3.5,2,1,4,2,5,4,3,2,3,2.89,5.5,2.5,2.5,4.5,2.5,5,6,2,5,4,2,3,5,4,3,1,1,1,1,4,10,4,3,4,3,4,2,4,4,3,3,3.4,4,3,2,1,3,2,2,1,2,1,2.1,6,50,50,217,21702,2,3,1,4,2,3,3,2,5,5 900,9 000,988.93,Already Excluded due to Protocol Violation and Prior Training (one or both in a dyad),3,5,4,7,4.75,7,6,7,7,6.75,7,5,7,7,6.5,5,7,7,6,6,6.2,4,4,4,4,4,5,4.17,5,5,4,4,4,4.4,5,4,5,5,4,4,4.5,50,50,4,5,5,4.67,2,1,1,1.33,3,4,5,4,3,1,1,1.67,1,1,23,1,,1,1,1
Separate Eating,2,0,0,4,2,3,3,3,3,2,5,3,4,5,3,2,4,3.44,5.5,5.5,5.5,1.5,2,6,3,4,1,4,3,6,1,6,4,2,1,2,1,4,10,3,2,1,3,1,1,2,2,3,2,2,1,1,1,1,1,2,1,2,1,2,1.3,1,50,50,218,21802,2,4,2,3,3,4,2,2,5,3 500,5 400,640.05,0,5,7,2,6,6,7,7,7,7,7,7,7,7,7,7,7,7,7,7,7,7,5,5,5,3,5,5,4.67,5,4,5,5,4,4.6,5,4,5,4,5,5,4.67,85,15,3,4,4,3.67,1,1,1,1,2,3,4,3,1,1,1,1,2,0,21,1,,0,0,0
Separate Eating,2,0,0,2,2,3,2,2.25,3,3,3,3,1,4,3,2,4,2.89,4.5,3.5,4,2,3,5,5,2,2,7,4,4,2,6,2,5,4,2,3,5,1,3,3,2,4,1,1,3,3,4,3,2.7,4,1,1,1,1,1,1,1,1,1,1.3,3,50,50,219,21902,2,1,1,1,5,1,3,3,5,7 400,9 600,995.29,0,4,6,5,4,4.25,6,6,6,5,5.75,6,6,6,5,5.75,4,6,6,5,6,5.4,4,4,4,4,4,4,4,4,5,4,5,4,4.4,4,5,5,4,5,3,4.33,80,20,1,3,4,2.67,1,1,1,1,3,4,4,3.67,1,1,1,1,2,0,20,1,,0,0,0
Separate Eating,2,0,0,2,2,2,1,1.75,3,3,3,3,2,3,2,5,3,3,4.5,3,4,2.5,3,3,5,5,3,6,2,3,5,6,2,1,5,1,1,2,10,1,1,1,1,1,1,1,1,1,1,1,1,1,1,1,1,1,1,1,1,1,1,1,30,70,220,22002,2,3,1,3,1,3,2,5,2,1 700,6 000,761.10,0,1,1,1,1,2.5,1,1,1,1,1,1,1,1,3,1.5,4,4,4,4,4,4,2,3,3,2,2,2,2.33,1,3,1,1,3,1.8,2,4,3,3,4,4,3.33,100,0,2,2,3,2.33,4,3,5,4,4,2,2,2.67,4,2,4,3.33,1,0,19,1,,0,0,0
Separate Eating,2,0,0,1,1,1,1,1,3,2,3,3,2,3,3,3,4,2.89,3,3.5,6,4,2.5,4,5,6,5,5,6,4,2,5,3,4,2,4,6,1,6,3,3,3,3,1,1,2,3,2,2,2.3,1,1,1,1,2,1,1,2,2,1,1.3,1,30,70,221,22102,2,3,3,2,4,2,3,1,5,6 600,6 000,767.11,0,5,4,4,5,4.5,5,5,4,7,5.25,4,5,4,6,4.75,5,5,5,5,5,5,3,4,3,3,3,3,3.17,3,4,4,4,4,3.8,3,3,3,3,4,4,3.33,50,50,3,4,4,3.67,1,1,1,1,3,3,2,2.67,2,1,1,1.33,1,0,20,1,,0,0,0
Separate Eating,2,0,0,3,2,4,4,3.25,4,3,5,4,3,4,4,4,4,3.89,4,5,5,3.5,3,6,4,5,5,6,6,6,3,6,2,6,4,6,6,4,0.5,4,3,4,4,4,4,3,5,3,4,3.8,1,1,1,1,1,1,1,2,1,1,1.1,1,50,50,222,22202,2,4,3,3,4,2,2,3,4,2 100,4 800,500.00,0,5,5,6,6,4.5,5,7,6,5,5.75,4,6,5,6,5.25,4,6,6,5,3,4.8,4,3,4,4,4,4,3.83,4,4,5,3,4,4,4,4,4,3,4,4,3.83,50,50,5,5,5,5,1,1,1,1,4,4,4,4,1,1,1,1,1,0,18,8,,0,0,0
Separate Eating,2,0,0,4,5,5,4,4.5,3,3,3,3,3,2,5,2,4,3.11,4.5,6.5,7,2.5,2.5,3,2,7,3,6,2,7,1,6,3,6,2,6,5,4,2,4,4,2,3,3,4,3,4,1,2,3,1,1,1,2,1,1,1,2,1,1,1.2,1,50,50,223,22302,2,5,1,3,2,4,2,3,4,1 900,5 400,640.05,0,6,6,3,6,5.75,6,6,7,6,6.25,6,6,6,6,6,5,6,7,5,6,5.8,4,4,3,4,3,4,3.67,4,4,3,4,2,3.4,4,4,5,4,4,5,4.33,50,50,3,4,4,3.67,2,1,1,1.33,3,3,2,2.67,2,1,3,2,1,0,22,1,,0,0,0
Separate Eating,2,0,0,5,4,5,4,4.5,2,2,3,2,3,3,3,4,2,2.67,3.5,4,4,1,2,5,4,4,1,5,6,4,4,7,4,5,2,5,5,1,3,3,3,2,1,3,4,4,1,2,5,2.8,2,1,2,1,1,1,1,1,1,1,1.2,1,40,60,224,22402,2,1,3,5,3,2,2,3,3,4 600,7 200,915.48,0,5,5,2,7,5.75,5,6,6,5,5.5,5,5,6,6,5.5,6,6,5,5,6,5.6,5,4,4,4,4,4,4.17,4,4,4,4,4,4,4,4,4,5,5,4,4.33,55,45,1,1,1,1,1,1,2,1.33,1,5,2,2.67,2,1,1,1.33,1,0,19,1,,0,0,0
Separate Eating,2,0,0,4,3,4,4,3.75,3,4,2,2,3,4,4,3,1,2.89,5,5.5,2,5.5,2,6,4,3,5,5,4,7,7,2,4,4,4,4,4,5,0.2,2,1,2,3,1,3,2,2,3,3,2.2,1,1,1,1,1,1,1,1,1,1,1,2,75,25,225,22502,2,3,1,2,3,2,2,4,4,3 800,7 200,915.55,0,3,3,3,3,3.5,4,4,4,3,3.75,4,4,3,3,3.5,3,4,4,3,4,3.6,2,1,1,2,2,1,1.5,3,3,3,3,3,3,3,3,4,3,3,3,3.17,65,35,4,4,5,4.33,1,1,1,1,1,3,3,2.33,1,1,1,1,2,0,18,4,,0,0,0
Separate Eating,2,0,0,5,5,4,3,4.25,2,2,3,3,3,2,1,1,3,2.22,6,3.5,5.5,5,1.5,7,6,7,6,2,3,5,4,4,5,2,1,2,2,1,10,2,3,2,2,2,2,2,4,2,3,2.4,2,3,1,4,2,1,2,2,2,4,2.3,1,80,20,226,22602,2,3,1,5,1,4,1,2,5,5 700,7 800,954.30,0,5,5,1,3,5,3,6,5,5,4.75,5,4,6,5,5,4,6,6,3,3,4.4,3,3,3,4,4,3,3.33,2,4,4,4,4,3.6,4,3,3,2,4,3,3.17,85,15,4,4,4,4,1,1,1,1,2,4,4,3.33,2,2,1,1.67,2,1,21,1,,0,0,0
Separate Eating,2,0,0,4,4,2,3,3.25,5,3,5,4,4,4,1,3,4,3.67,5,6,5.5,2,3,5,2,5,1,4,3,6,2,5,2,5,3,4,6,1,10,3,2,4,2,3,4,3,3,4,3,3.1,1,1,1,4,1,1,1,1,1,1,1.3,2,60,40,227,22702,2,3,1,3,2,4,4,4,5,2 300,8 400,976.78,0,4,4,3,4,4.25,4,4,4,4,4,4,4,4,4,4,4,4,4,4,4,4,4,4,4,4,3,3,3.67,3,2,2,3,3,2.6,4,4,4,4,4,3,3.83,50,50,4,4,4,4,1,1,1,1,3,3,2,2.67,1,1,1,1,2,0,19,4,,0,0,0
Separate Eating,2,0,0,4,3,4,3,3.5,3,2,3,3,2,2,3,2,3,2.56,3.5,4,5.5,4,3,4,5,6,5,5,5,5,3,5,2,2,3,2,2,4,2,3,3,2,3,1,1,3,3,3,3,2.5,1,1,1,1,1,2,1,2,1,1,1.2,5,50,50,228,22802,2,1,2,5,3,1,5,4,5,4 500,12 000,999.95,0,7,6,2,7,6.5,6,7,7,7,6.75,6,7,7,7,6.75,6,6,6,6,6,6,4,5,5,5,4,4,4.5,5,4,5,5,5,4.8,5,4,5,5,4,4,4.5,70,30,5,5,5,5,1,1,1,1,3,5,5,4.33,1,1,1,1,1,0,22,1,,0,0,0
Separate Eating,2,0,0,3,2,3,2,2.5,2,3,2,2,3,3,2,4,2,2.56,2.5,4.5,5,2.5,2.5,2,3,6,2,4,5,4,4,5,3,4,5,5,6,7,1,2,2,2,2,2,1,2,2,2,2,1.9,1,1,1,2,2,2,2,1,2,1,1.5,5,50,50,229,22902,2,5,1,5,5,5,5,5,5,-4 800,8 400,1000.00,0,4,5,4,4,4.25,5,4,3,5,4.25,5,4,5,5,4.75,6,5,5,6,5,5.4,4,4,4,3,4,3,3.67,4,4,4,4,4,4,3,3,4,4,4,4,3.67,50,50,1,4,1,2,3,1,1,1.67,1,4,4,3,3,1,1,1.67,2,0,21,1,,0,0,0
Separate Eating,2,0,0,3,2,3,2,2.5,3,3,4,2,2,3,3,3,4,3,3,5,4.5,3,2,3,2,4,3,4,5,4,3,5,4,1,1,1,3,1,9,2,1,1,2,1,2,1,2,2,1,1.5,1,1,1,1,1,1,1,1,1,1,1,1,50,50,230,23002,2,1,3,3,5,3,3,2,5,5 300,7 200,915.43,0,4,4,4,4,4,4,3,3,5,3.75,5,4,4,4,4.25,3,5,4,4,4,4,4,4,4,4,3,4,3.83,3,3,3,4,3,3.2,3,2,4,4,4,4,3.5,50,50,5,5,5,5,1,1,1,1,1,3,3,2.33,1,1,1,1,1,0,20,1,,0,0,0
Separate Eating,2,0,0,3,4,4,3,3.5,4,4,4,4,4,3,2,2,2,3.22,2.5,5,6,2.5,3,2,2,5,2,4,5,4,1,5,2,4,3,3,3,1,1,3,2,2,2,3,3,2,3,3,3,2.6,1,1,1,1,1,1,1,1,1,1,1,1,75,25,231,23102,2,3,2,2,2,2,2,2,4,6 800,6 000,768.55,0,4,5,3,4,4.5,4,4,3,5,4,4,4,4,4,4,4,4,4,4,4,4,4,4,4,4,4,3,3.83,3,4,4,3,3,3.4,3,4,4,4,3,3,3.5,55,45,2,2,2,2,1,1,1,1,2,2,2,2,3,1,1,1.67,2,0,19,1,,0,0,0
Separate Eating,2,0,0,4,3,4,3,3.5,4,2,4,4,3,4,3,3,3,3.33,5.5,5,4.5,5,3,4,3,2,5,5,1,5,1,3,2,4,2,2,4,4,0.3,3,2,3,3,1,3,2,3,3,3,2.6,1,1,3,1,1,1,1,3,3,1,1.6,4,60,40,232,23202,2,2,2,3,4,2,3,4,5,3 300,8 400,976.81,0,5,5,2,4,5,4,5,5,4,4.5,4,5,5,4,4.5,4,4,4,4,4,4,4,4,4,4,4,4,4,3,3,3,3,2,2.8,4,4,4,4,4,4,4,60,40,3,2,2,2.33,1,1,1,1,2,3,2,2.33,2,2,3,2.33,2,1,20,8,,0,0,0
Separate Eating,2,0,0,4,3,4,3,3.5,3,4,3,2,3,3,3,2,2,2.78,3,4.5,5,4.5,3.5,2,2,6,4,5,4,3,4,3,1,2,4,3,2,1,3,2,2,2,1,1,3,2,2,3,1,1.9,1,1,1,2,1,1,1,2,2,2,1.4,1,50,50,233,23302,2,5,1,2,1,5,3,2,5,3 700,5 400,640.06,0,3,2,5,2,2.5,1,3,3,2,2.25,3,2,2,2,2.25,2,2,1,1,2,1.6,3,3,3,3,3,3,3,3,3,3,3,3,3,3,3,3,3,3,3,3,30,70,2,2,3,2.33,3,2,2,2.33,2,2,1,1.67,3,1,2,2,2,0,23,8,,0,0,0
Separate Eating,2,0,0,5,4,4,4,4.25,5,5,5,5,5,5,5,5,5,5,5,4.5,2.5,5,1.5,5,5,3,5,5,3,6,6,3,5,4,1,4,4,1,10,3,2,2,2,1,3,1,4,1,1,2,3,1,3,1,2,2,2,2,3,2,2.1,1,30,70,234,23402,2,3,1,5,3,1,5,2,5,6 100,12 000,999.96,0,1,2,7,3,1.75,2,3,2,3,2.5,5,2,2,2,2.75,5,3,3,1,7,3.8,4,4,4,4,4,4,4,2,2,1,2,2,1.8,3,5,2,2,3,2,2.83,0,100,1,1,1,1,3,1,2,2,1,2,1,1.33,2,2,3,2.33,2,0,18,1,,0,0,0
